ts_ms,t,s,tq_fl,tq_fr,tq_rl,tq_rr,cu_fl,cu_fr,cu_rl,cu_rr,rpm_fl,rpm_fr,rpm_rl,rpm_rr,vf,tf,vr,tr,gear,low,high,il,ir
1768513344377,-100,0,0,0,0,0,-10,-20,4,6,0,0,0,0,3824,263,3821,245,0,0,0,0,0
1768513344488,-100,0,0,0,0,0,4,-2,4,6,0,0,0,0,3824,263,3819,245,0,0,0,0,0
1768513344561,-100,0,0,0,0,0,2,-2,4,6,0,0,0,0,3824,263,3819,245,0,0,0,0,0
1768513344662,-100,0,0,0,0,0,4,-2,4,6,0,0,0,0,3824,263,3819,245,0,0,0,0,0
1768513344762,-100,0,0,0,0,0,4,-2,6,8,0,0,0,0,3824,263,3819,245,0,0,0,0,0
1768513344981,-100,0,0,0,0,0,2,0,4,6,0,0,0,0,3824,263,3819,245,0,0,0,0,0
1768513345087,-100,0,0,0,0,0,4,0,14,-4,0,0,0,0,3824,263,3821,245,0,0,0,0,0
1768513345091,-100,0,0,0,0,0,4,0,8,-2,0,0,0,0,3824,263,3821,245,0,0,0,0,0
1768513345171,-100,0,0,0,0,0,8,20,8,-2,0,0,0,0,3824,263,3821,245,0,0,0,0,0
1768513345267,-100,0,0,0,0,0,4,-2,4,6,0,0,0,0,3824,263,3821,247,0,0,0,0,0
1768513345368,-100,0,0,0,0,0,4,0,4,6,0,0,0,0,3824,263,3821,245,0,0,0,0,0
1768513345474,-100,0,0,0,0,0,2,-2,12,4,0,0,0,0,3824,263,3821,245,0,0,0,0,0
1768513345571,-100,0,0,0,0,0,4,-2,6,0,0,0,0,0,3824,263,3821,245,0,0,0,0,0
1768513345671,-100,0,0,0,0,0,16,28,6,6,0,0,0,0,3824,263,3821,247,0,0,0,0,0
1768513345780,-100,0,0,0,0,0,4,0,8,6,0,0,0,0,3824,263,3821,247,0,0,0,0,0
1768513345895,-100,0,0,0,0,0,4,0,4,8,0,0,0,0,3824,263,3821,247,0,0,0,0,0
1768513346096,-100,0,0,0,0,0,4,0,2,6,0,0,0,0,3824,263,3821,247,0,0,0,0,0
1768513346113,-100,0,0,0,0,0,4,-2,4,6,0,0,0,0,3824,263,3821,247,0,0,0,0,0
1768513346177,-100,0,0,0,0,0,4,0,4,0,0,0,0,0,3824,265,3821,247,0,0,0,0,0
1768513346280,-100,0,0,0,0,0,10,22,4,8,0,0,0,0,3824,265,3821,247,0,0,0,0,0
1768513346378,-100,0,0,0,0,0,4,0,4,8,0,0,0,0,3824,265,3821,247,0,0,0,0,0
1768513346479,-100,0,0,0,0,0,4,-2,4,8,0,0,0,0,3824,265,3821,247,0,0,0,0,0
1768513346581,-100,0,0,0,0,0,4,-2,14,4,0,0,0,0,3824,265,3821,247,0,0,0,0,0
1768513346684,-100,0,0,0,0,0,2,-2,4,6,0,0,0,0,3824,265,3821,247,0,0,0,0,0
1768513346782,-100,0,0,0,0,0,4,-2,4,6,0,0,0,0,3824,265,3821,247,0,0,0,0,0
1768513346883,-100,0,0,0,0,0,2,-2,4,6,0,0,0,0,3824,265,3819,247,0,0,0,0,0
1768513346985,-100,0,0,0,0,0,4,0,10,6,0,0,0,0,3824,265,3821,247,0,0,0,0,0
1768513347088,-100,0,0,0,0,0,4,0,6,6,0,0,0,0,3824,265,3821,247,0,0,0,0,0
1768513347186,-100,0,0,0,0,0,4,0,4,6,0,0,0,0,3824,265,3821,247,0,0,0,0,0
1768513347288,-100,0,0,0,0,0,-14,-20,16,-4,0,0,0,0,3824,265,3821,247,0,0,0,0,0
1768513347388,-100,0,0,0,0,0,-14,-22,2,6,0,0,0,0,3824,265,3821,247,0,0,0,0,0
1768513347489,-100,0,0,0,0,0,4,-2,14,4,0,0,0,0,3824,265,3821,247,0,0,0,0,0
1768513347590,-100,0,0,0,0,0,4,-2,2,6,0,0,0,0,3824,265,3821,247,0,0,0,0,0
1768513347696,-100,0,0,0,0,0,16,20,4,2,0,0,0,0,3824,265,3821,247,0,0,0,0,0
1768513347800,-100,0,0,0,0,0,4,-2,2,6,0,0,0,0,3824,265,3821,247,0,0,0,0,0
1768513347893,-100,0,0,0,0,0,4,0,4,6,0,0,0,0,3824,265,3821,247,0,0,0,0,0
1768513347994,-100,0,0,0,0,0,-14,-20,12,0,0,0,0,0,3824,265,3821,247,0,0,0,0,0
1768513348095,-100,0,0,0,0,0,14,18,4,6,0,0,0,0,3824,265,3821,247,0,0,0,0,0
1768513348196,-100,0,0,0,0,0,4,-2,4,4,0,0,0,0,3824,265,3821,247,0,0,0,0,0
1768513348297,-100,0,0,0,0,0,4,-2,6,6,0,0,0,0,3824,265,3821,247,0,0,0,0,0
1768513348398,-100,0,0,0,0,0,2,0,4,6,0,0,0,0,3824,265,3821,247,0,0,0,0,0
1768513348500,-100,0,0,0,0,0,-14,-22,4,6,0,0,0,0,3824,265,3821,247,0,0,0,0,0
1768513348601,-100,0,0,0,0,0,4,-2,2,6,0,0,0,0,3824,265,3821,247,0,0,0,0,0
1768513348702,-100,0,0,0,0,0,-10,-20,6,6,0,0,0,0,3824,265,3821,247,0,0,0,0,0
1768513348803,-100,0,0,0,0,0,4,-2,2,6,0,0,0,0,3824,265,3821,247,0,0,0,0,0
1768513348905,-100,0,0,0,0,0,4,0,2,6,0,0,0,0,3824,265,3824,247,0,0,0,0,0
1768513349008,-100,0,0,0,0,0,4,0,16,4,0,0,0,0,3824,265,3824,247,0,0,0,0,0
1768513349110,-100,0,0,0,0,0,8,20,8,0,0,0,0,0,3824,265,3824,247,0,0,0,0,0
1768513349208,-100,0,0,0,0,0,4,-2,2,6,0,0,0,0,3824,265,3824,247,0,0,0,0,0
1768513349310,-100,0,0,0,0,0,4,0,2,6,0,0,0,0,3824,265,3824,247,0,0,0,0,0
1768513349409,-100,0,0,0,0,0,12,22,4,4,0,0,0,0,3824,265,3824,247,0,0,0,0,0
1768513349510,-100,0,0,0,0,0,4,-2,2,6,0,0,0,0,3824,265,3824,247,0,0,0,0,0
1768513349611,-100,0,0,0,0,0,4,-2,4,6,0,0,0,0,3824,265,3824,247,0,0,0,0,0
1768513349712,-100,0,0,0,0,0,4,-2,4,6,0,0,0,0,3824,265,3821,247,0,0,0,0,0
1768513349813,-100,0,0,0,0,0,2,-8,4,6,0,0,0,0,3824,265,3821,247,0,0,0,0,0
1768513349914,-100,0,0,0,0,0,4,14,14,4,0,0,0,0,3824,265,3821,247,0,0,0,0,0
1768513350017,-100,0,0,0,0,0,14,22,2,6,0,0,0,0,3824,265,3821,247,0,0,0,0,0
1768513350118,-100,0,0,0,0,0,4,-2,4,6,0,0,0,0,3824,265,3821,249,0,0,0,0,0
1768513350218,-100,0,0,0,0,0,-12,-20,20,-8,0,0,0,0,3824,265,3821,249,0,0,0,0,0
1768513350318,0,0,0,0,0,0,16,26,4,6,0,0,0,0,3824,267,3821,249,0,0,0,0,0
1768513350420,0,0,0,0,0,0,2,-2,6,4,0,0,0,0,3824,267,3821,249,0,0,0,0,0
1768513350520,0,0,0,0,0,0,-16,-20,4,6,0,0,0,0,3824,267,3821,249,0,0,0,0,0
1768513350622,0,0,0,0,0,0,4,0,6,8,0,0,0,0,3824,267,3821,249,0,0,0,0,0
1768513350722,0,0,0,0,0,0,4,-2,4,6,0,0,0,0,3824,267,3821,249,0,0,0,0,0
1768513350825,0,0,0,0,0,0,4,-2,4,6,0,0,0,0,3824,267,3821,249,0,0,0,0,0
1768513350924,0,0,0,0,0,0,4,0,4,6,0,0,0,0,3824,267,3821,249,0,0,0,0,0
1768513351027,0,0,0,0,0,0,12,20,6,6,0,0,0,0,3824,267,3821,249,0,0,0,0,0
1768513351127,0,0,0,0,0,0,-2,10,4,6,0,0,0,0,3824,267,3821,249,0,0,0,0,0
1768513351227,0,0,0,0,0,0,-2,-12,4,6,0,0,0,0,3824,267,3821,249,0,0,0,0,0
1768513351329,0,0,0,0,0,0,4,0,4,6,0,0,0,0,3824,267,3821,249,0,0,0,0,0
1768513351430,0,0,0,0,0,0,4,0,10,4,0,0,0,0,3824,267,3821,249,0,0,0,0,0
1768513351530,0,0,0,0,0,0,4,-2,2,6,0,0,0,0,3824,267,3821,249,0,0,0,0,0
1768513351633,0,0,0,0,0,0,16,20,4,0,0,0,0,0,3824,267,3821,249,0,0,0,0,0
1768513351732,0,0,0,0,0,0,-12,-22,4,6,0,0,0,0,3824,267,3821,249,0,0,0,0,0
1768513351834,0,0,0,0,0,0,-14,-20,4,4,0,0,0,0,3824,267,3821,249,0,0,0,0,0
1768513351936,0,0,0,0,0,0,16,20,6,6,0,0,0,0,3824,267,3821,249,0,0,0,0,0
1768513352035,0,0,0,0,0,0,4,-2,10,4,0,0,0,0,3824,267,3821,249,0,0,0,0,0
1768513352136,0,0,0,0,0,0,4,-2,2,6,0,0,0,0,3824,267,3821,249,0,0,0,0,0
1768513352240,0,0,0,0,0,0,4,0,2,6,0,0,0,0,3824,267,3821,249,0,0,0,0,0
1768513352338,0,0,0,0,0,0,-16,-20,2,4,0,0,0,0,3824,267,3821,249,0,0,0,0,0
1768513352439,0,0,0,0,0,0,4,-2,2,6,0,0,0,0,3824,267,3821,249,0,0,0,0,0
1768513352542,0,0,0,0,0,0,4,-2,2,6,0,0,0,0,3824,267,3821,249,0,0,0,0,0
1768513352641,0,0,0,0,0,0,-10,-20,10,-2,0,0,0,0,3824,267,3821,249,0,0,0,0,0
1768513352742,0,0,0,0,0,0,16,28,4,6,0,0,0,0,3824,267,3821,249,0,0,0,0,0
1768513352847,0,0,0,0,0,0,4,-2,2,8,0,0,0,0,3824,269,3821,249,0,0,0,0,0
1768513352944,0,0,0,0,0,0,4,0,4,2,0,0,0,0,3824,269,3821,249,0,0,0,0,0
1768513353048,0,0,0,0,0,0,-16,-16,6,6,0,0,0,0,3824,269,3821,249,0,0,1,0,0
1768513353146,0,0,0,0,0,0,-6,0,2,6,0,0,0,0,3824,267,3821,249,0,0,1,0,0
1768513353247,0,0,0,0,0,0,4,-2,4,8,0,0,0,0,3821,267,3821,249,0,0,1,0,0
1768513353349,0,0,0,0,0,0,-6,-16,2,4,0,0,0,0,3824,267,3821,249,0,0,1,0,0
1768513353449,0,0,0,0,0,0,4,0,4,6,0,0,0,0,3824,267,3821,249,0,0,1,0,0
1768513353550,0,0,0,0,0,0,2,-2,10,-2,0,0,0,0,3821,267,3821,249,0,0,1,0,0
1768513353656,0,0,0,0,0,0,-14,-22,6,8,0,0,0,0,3821,269,3821,249,0,0,1,0,0
1768513353792,0,0,0,0,0,0,16,26,0,4,0,0,0,0,3821,269,3821,249,0,0,1,0,0
1768513353900,0,0,0,0,0,0,14,30,8,-2,0,0,0,0,3821,269,3821,249,0,0,1,0,0
1768513354013,0,0,0,0,0,0,4,-2,4,6,0,0,0,0,3821,269,3821,249,0,0,1,0,0
1768513354059,0,0,0,0,0,0,2,-2,4,4,0,0,0,0,3821,269,3821,249,0,0,1,0,0
1768513354163,0,0,0,0,0,0,4,-2,2,2,0,0,0,0,3821,269,3821,249,0,0,0,0,0
1768513354257,0,0,0,0,0,0,-4,-14,2,6,0,0,0,0,3821,269,3821,249,0,0,0,0,0
1768513354357,0,0,0,0,0,0,4,-2,14,4,0,0,0,0,3821,269,3821,249,0,0,0,0,0
1768513354460,0,0,0,0,0,0,-12,-22,10,4,0,0,0,0,3821,269,3821,249,0,0,0,0,0
1768513354570,0,0,0,0,0,0,0,-10,4,6,0,0,0,0,3824,269,3821,249,0,0,0,0,0
1768513354661,0,0,0,0,0,0,-8,-8,2,6,0,0,0,0,3821,269,3821,251,0,0,0,0,0
1768513354762,0,0,0,0,0,0,18,26,2,6,0,0,0,0,3821,269,3821,249,0,0,0,0,0
1768513354863,0,0,0,0,0,0,4,18,4,6,0,0,0,0,3821,269,3821,249,0,0,0,0,0
1768513354964,0,0,0,0,0,0,2,-2,4,6,0,0,0,0,3821,269,3821,251,0,0,0,0,0
1768513355068,0,0,0,0,0,0,4,0,4,6,0,0,0,0,3821,269,3821,251,0,0,0,0,0
1768513355166,0,0,0,0,0,0,-12,-22,4,6,0,0,0,0,3821,269,3821,251,0,0,0,0,0
1768513355268,0,0,0,0,0,0,4,0,2,4,0,0,0,0,3821,269,3821,251,0,0,0,0,0
1768513355370,0,0,0,0,0,0,-14,-22,0,0,0,0,0,0,3821,269,3821,251,0,0,0,0,0
1768513355469,0,0,0,0,0,0,4,-2,4,6,0,0,0,0,3821,269,3821,251,0,0,0,0,0
1768513355570,0,0,0,0,0,0,6,-2,4,6,0,0,0,0,3821,269,3821,251,1,1,0,0,0
1768513355676,0,0,0,0,0,0,4,-2,6,6,0,0,0,0,3821,269,3821,251,1,1,0,0,0
1768513355773,0,0,0,0,0,0,4,-2,4,6,0,0,0,0,3821,269,3821,251,1,1,0,0,0
1768513355873,0,0,0,0,0,0,4,-2,4,6,0,0,0,0,3821,269,3819,251,1,1,0,0,0
1768513355983,0,0,0,0,0,0,4,0,4,6,0,0,0,0,3821,269,3819,251,1,1,0,0,0
1768513356075,0,0,0,0,0,0,4,0,8,0,0,0,0,0,3821,269,3819,251,1,1,0,0,0
1768513356176,0,0,0,0,0,0,4,0,2,6,0,0,0,0,3821,269,3819,251,1,1,0,0,0
1768513356368,0,0,0,0,0,0,16,32,4,4,0,0,0,0,3824,269,3819,251,1,1,0,0,0
1768513356378,0,0,0,0,0,0,4,-2,4,6,0,0,0,0,3821,269,3819,251,1,1,0,0,0
1768513356585,0,0,0,0,0,0,0,-10,6,4,0,0,0,0,3821,269,3821,251,-1,0,0,0,0
1768513356592,0,0,0,0,0,0,4,-2,2,6,0,0,0,0,3821,271,3821,251,-1,0,0,0,0
1768513356717,0,0,0,0,0,0,4,-2,4,6,0,0,0,0,3824,269,3821,251,-1,0,0,0,0
1768513356783,0,0,0,0,0,0,4,0,2,6,0,0,0,0,3821,269,3821,251,-1,0,0,0,0
1768513356883,0,0,0,0,0,0,4,0,4,6,0,0,0,0,3821,269,3821,251,-1,0,0,0,0
1768513356986,0,0,0,0,0,0,4,0,0,6,0,0,0,0,3821,269,3819,251,-1,0,0,0,0
1768513357085,0,0,0,0,0,0,4,-2,2,6,0,0,0,0,3821,269,3821,251,-1,0,0,0,0
1768513357188,0,0,0,0,0,0,-12,-22,2,6,0,0,0,0,3821,269,3821,251,-1,0,0,0,0
1768513357287,0,0,0,0,0,0,4,-2,4,6,0,0,0,0,3821,269,3819,251,-1,0,0,0,0
1768513357391,0,0,0,0,0,0,6,20,10,0,0,0,0,0,3824,271,3819,251,-1,0,0,0,0
1768513357489,0,0,0,0,0,0,16,26,4,6,0,0,0,0,3824,271,3819,251,-1,0,0,0,0
1768513357591,0,0,0,0,0,0,0,-8,4,6,0,0,0,0,3824,271,3821,251,-1,0,0,0,0
1768513357697,0,0,0,0,0,0,4,-2,4,4,0,0,0,0,3824,271,3821,251,-1,0,0,0,0
1768513357793,0,0,0,0,0,0,-4,-14,4,6,0,0,0,0,3824,271,3821,251,-1,0,0,0,0
1768513357895,0,0,0,0,0,0,14,14,2,6,0,0,0,0,3824,271,3821,251,-1,0,0,0,0
1768513357994,0,0,0,0,0,0,4,0,4,4,0,0,0,0,3821,271,3821,251,-1,0,0,0,0
1768513358100,0,0,0,0,0,0,-8,-20,4,6,0,0,0,0,3821,271,3821,251,-1,0,0,0,0
1768513358200,0,0,0,0,0,0,4,-2,2,6,0,0,0,0,3821,271,3821,251,-1,0,0,0,0
1768513358299,0,0,0,0,0,0,-10,-20,8,4,0,0,0,0,3824,271,3821,251,-1,0,0,0,0
1768513358400,0,0,0,0,0,0,4,-2,4,8,0,0,0,0,3824,271,3821,251,-1,0,0,0,0
1768513358499,0,0,0,0,0,0,4,0,4,6,0,0,0,0,3824,271,3821,251,-1,0,0,0,0
1768513358610,0,0,0,0,0,0,-12,-22,2,6,0,0,0,0,3824,271,3821,251,-1,0,0,0,0
1768513358704,0,0,0,0,0,0,-16,-20,2,6,0,0,0,0,3824,271,3821,251,-1,0,0,0,0
1768513358803,0,0,0,0,0,0,4,12,4,8,0,0,0,0,3824,271,3821,253,-1,0,0,0,0
1768513358906,0,0,0,0,0,0,4,0,4,6,0,0,0,0,3821,271,3819,251,-1,0,0,0,0
1768513359005,0,0,0,0,0,0,-8,-2,4,6,0,0,0,0,3821,271,3819,253,-1,0,0,0,0
1768513359110,69,0,-10,-10,-6,-6,-18,-20,4,6,0,0,0,0,3821,271,3819,253,-1,0,0,0,0
1768513359208,69,0,-10,-10,-6,-6,16,26,2,6,0,0,0,0,3821,271,3819,253,-1,0,0,0,0
1768513359310,93,0,-14,-14,-8,-8,4,0,4,6,0,0,0,0,3824,271,3821,253,-1,0,0,0,0
1768513359411,93,0,-14,-14,-8,-8,-2,8,2,6,0,0,0,0,3821,271,3821,253,-1,0,0,0,0
1768513359510,93,0,-14,-14,-8,-8,-14,-22,6,6,0,0,0,0,3821,271,3819,253,-1,0,0,0,0
1768513359612,93,0,-14,-14,-8,-8,2,-2,4,6,0,0,0,0,3821,271,3819,253,-1,0,0,0,0
1768513359722,93,0,-14,-14,-8,-8,6,0,2,4,0,0,0,0,3821,271,3821,253,-1,0,0,0,0
1768513359821,116,0,-17,-17,-11,-11,-14,-20,12,-2,0,0,0,0,3821,271,3821,253,-1,0,0,0,0
1768513359918,116,0,-17,-17,-11,-11,8,20,6,6,0,0,0,0,3821,271,3821,253,-1,0,0,0,0
1768513360020,116,0,-17,-17,-11,-11,6,18,4,6,0,0,0,0,3821,271,3821,253,-1,0,0,0,0
1768513360118,116,0,-17,-17,-11,-11,-14,-22,4,6,0,0,0,0,3821,271,3821,253,-1,0,0,0,0
1768513360218,139,0,-21,-21,-13,-13,-14,-22,2,4,0,0,0,0,3821,271,3821,253,-1,0,0,0,0
1768513360319,139,0,-21,-21,-13,-13,0,8,2,6,0,0,0,0,3821,271,3821,253,-1,0,0,0,0
1768513360420,139,0,-21,-21,-13,-13,4,-2,2,6,0,0,0,0,3821,272,3821,253,-1,0,0,0,0
1768513360521,162,0,-25,-25,-15,-15,4,-2,4,6,0,0,0,0,3821,272,3821,253,-1,0,0,0,0
1768513360622,162,0,-25,-25,-15,-15,4,-2,4,6,0,0,0,0,3819,272,3821,253,-1,0,0,0,0
1768513360723,162,0,-25,-25,-15,-15,-12,-20,0,6,0,0,0,0,3819,272,3821,253,-1,0,0,0,0
1768513360824,162,0,-25,-25,-15,-15,4,-2,4,6,0,0,0,0,3819,272,3821,253,-1,0,0,0,0
1768513360925,185,0,-29,-29,-17,-17,4,-2,8,-2,0,0,0,0,3819,272,3821,253,-1,0,0,0,0
1768513361026,185,0,-29,-29,-17,-17,16,20,10,-4,0,0,0,0,3819,272,3821,253,-1,0,0,0,0
1768513361127,185,0,-29,-29,-17,-17,8,18,4,6,0,0,0,0,3819,272,3821,253,-1,0,0,0,0
1768513361230,208,0,-33,-33,-18,-18,-8,-18,2,6,0,0,0,0,3819,272,3821,253,-1,0,0,0,0
1768513361330,208,0,-33,-33,-18,-18,12,22,-2,2,0,0,0,0,3819,272,3821,253,-1,0,0,0,0
1768513361437,208,0,-33,-33,-18,-18,-6,-16,4,6,0,0,0,0,3819,272,3821,253,-1,0,0,0,0
1768513361534,231,0,-36,-36,-20,-20,-2,2,4,6,0,0,0,0,3819,272,3821,253,-1,0,0,0,0
1768513361634,231,0,-36,-36,-20,-20,4,-2,4,6,0,0,0,0,3819,272,3821,253,-1,0,0,0,0
1768513361736,231,0,-36,-36,-20,-20,4,0,6,-2,0,0,0,0,3819,272,3821,253,-1,0,0,0,0
1768513361839,255,0,-40,-40,-22,-22,16,20,2,4,0,0,0,0,3819,272,3821,253,-1,0,0,0,0
1768513361942,278,0,-44,-44,-24,-24,8,18,4,6,0,0,0,0,3819,272,3821,253,-1,0,0,0,0
1768513362040,278,0,-44,-44,-24,-24,6,16,2,6,0,0,0,0,3819,272,3821,253,-1,0,0,0,0
1768513362140,324,0,-52,-52,-28,-28,6,0,2,4,0,0,0,0,3819,272,3821,253,-1,0,0,0,0
1768513362245,370,0,-61,-61,-31,-31,4,0,4,6,0,0,0,0,3819,272,3821,253,-1,0,0,0,0
1768513362342,394,0,-65,-65,-32,-32,4,-2,4,6,0,0,0,0,3819,272,3821,253,-1,0,0,0,0
1768513362443,417,0,-69,-69,-34,-34,8,18,16,2,0,0,0,0,3819,272,3821,253,-1,0,0,0,0
1768513362544,463,0,-78,-78,-37,-37,4,-2,4,6,0,0,0,0,3819,272,3821,255,-1,0,0,0,0
1768513362646,463,0,-78,-78,-37,-37,4,-2,4,6,0,0,0,0,3819,272,3821,255,-1,0,0,0,0
1768513362746,509,0,-87,-87,-40,-40,6,0,10,-4,0,0,0,0,3819,272,3821,255,-1,0,0,0,0
1768513362849,532,0,-91,-91,-41,-41,4,-2,2,6,0,0,0,0,3816,272,3821,255,-1,0,0,0,0
1768513362951,532,0,-91,-91,-41,-41,4,-2,6,-2,0,0,0,0,3816,272,3821,255,-1,0,0,0,0
1768513363050,532,0,-91,-91,-41,-41,4,-2,2,6,0,0,0,0,3816,272,3821,255,-1,0,0,0,0
1768513363152,532,0,-91,-91,-41,-41,4,-2,12,-4,0,0,0,0,3814,272,3821,255,-1,0,0,0,0
1768513363251,532,0,-91,-91,-41,-41,2,-4,0,6,0,0,0,0,3814,272,3821,255,-1,0,0,0,0
1768513363354,417,0,-69,-69,-34,-34,4,-4,2,6,0,0,0,0,3814,272,3821,255,-1,0,0,0,0
1768513363453,0,0,0,0,0,0,14,14,4,6,0,0,0,0,3814,272,3821,255,-1,0,0,0,0
1768513363558,0,0,0,0,0,0,-10,-22,4,4,0,0,0,0,3814,272,3821,255,-1,0,0,0,0
1768513363665,0,0,0,0,0,0,4,-2,6,4,0,0,0,0,3814,272,3821,255,-1,0,0,0,0
1768513363757,0,0,0,0,0,0,16,32,2,6,0,0,0,0,3814,272,3821,255,-1,0,0,0,0
1768513363858,0,0,0,0,0,0,4,0,2,6,0,0,0,0,3814,272,3821,255,-1,0,0,0,0
1768513363958,0,0,0,0,0,0,4,-2,6,6,0,0,0,0,3814,272,3821,255,-1,0,0,0,0
1768513364063,69,0,-10,-10,-6,-6,-2,8,8,-2,0,0,0,0,3814,274,3821,255,-1,0,0,0,0
1768513364161,231,0,-36,-36,-20,-20,6,20,2,6,0,0,0,0,3814,274,3821,255,-1,0,0,0,0
1768513364262,370,0,-61,-61,-31,-31,4,-4,6,4,0,0,0,0,3814,274,3821,255,-1,0,0,0,0
1768513364364,486,0,-82,-82,-38,-38,10,22,4,6,0,0,0,0,3814,274,3821,255,-1,0,0,0,0
1768513364464,579,0,-100,-100,-43,-43,4,0,4,6,0,0,0,0,3814,274,3821,255,-1,0,0,0,0
1768513364565,625,0,-110,-110,-46,-46,4,-4,2,4,0,0,0,0,3814,274,3821,255,-1,0,0,0,0
1768513364669,625,0,-110,-110,-46,-46,0,-12,12,-4,0,0,0,0,3814,274,3821,255,-1,0,0,0,0
1768513364767,648,0,-114,-114,-47,-47,-2,-12,2,4,10,0,-11,0,3814,272,3821,255,-1,0,0,0,0
1768513364868,648,0,-114,-114,-47,-47,-14,-22,2,6,0,0,-11,0,3814,272,3821,255,-1,0,0,0,0
1768513364970,648,0,-114,-114,-47,-47,-12,-20,4,6,0,0,0,0,3814,272,3821,255,-1,0,0,0,0
1768513365070,648,0,-114,-114,-47,-47,-4,-18,2,6,0,0,0,0,3814,272,3821,255,-1,0,0,0,0
1768513365172,602,0,-105,-105,-45,-45,-14,-16,2,4,0,0,0,0,3814,272,3821,255,-1,0,0,0,0
1768513365272,556,0,-96,-96,-42,-42,6,0,4,6,0,0,0,0,3814,272,3821,255,-1,0,0,0,0
1768513365373,440,0,-74,-74,-35,-35,6,0,4,6,0,0,0,0,3814,272,3821,255,-1,0,0,0,0
1768513365476,440,0,-74,-74,-35,-35,6,0,6,6,0,-5,-8,0,3814,272,3821,253,-1,0,0,0,0
1768513365575,440,0,-74,-74,-35,-35,4,0,6,6,0,0,0,0,3814,272,3821,253,-1,0,0,0,0
1768513365684,463,0,-78,-78,-37,-37,4,0,16,2,0,0,0,-7,3814,272,3821,253,-1,0,0,0,0
1768513365779,556,0,-96,-96,-42,-42,4,0,4,6,-6,0,-6,-7,3814,274,3821,253,-1,0,0,0,0
1768513365879,625,0,-110,-110,-46,-46,4,2,4,6,-6,-5,0,0,3814,274,3821,253,-1,0,0,0,0
1768513365980,671,0,-119,-119,-48,-48,6,0,4,6,-8,0,-8,-6,3814,272,3821,253,-1,0,0,0,0
1768513366081,671,0,-119,-119,-48,-48,-12,-18,4,10,-11,-9,0,-14,3814,272,3821,253,-1,0,0,0,0
1768513366185,671,0,-119,-119,-48,-48,-14,-12,6,6,-16,0,-14,0,3814,272,3821,253,-1,0,0,0,0
1768513366295,671,0,-119,-119,-48,-48,8,2,6,10,-22,-24,-20,-19,3814,272,3821,253,-1,0,0,0,0
1768513366385,671,0,-119,-119,-48,-48,8,6,8,8,-23,0,-23,0,3814,272,3821,255,-1,0,0,0,0
1768513366486,671,0,-119,-119,-48,-48,-12,-18,0,10,-32,-26,-28,-27,3814,272,3821,255,-1,0,0,0,0
1768513366588,394,0,-69,-69,-32,-32,8,2,10,10,-33,-43,-32,-31,3814,272,3821,257,-1,0,0,0,0
1768513366688,324,0,-52,-52,-28,-28,8,-2,4,10,-37,-36,-36,-35,3814,274,3821,257,-1,0,0,0,0
1768513366788,0,0,-2,-2,0,0,6,0,6,8,-39,-38,-38,-39,3814,274,3821,259,-1,0,0,0,0
1768513366890,0,0,0,0,0,0,6,0,6,6,-39,-38,-38,-37,3814,274,3821,259,-1,0,0,0,0
1768513366996,0,0,0,0,0,0,6,0,2,6,-36,-35,-36,-31,3814,274,3821,259,-1,0,0,0,0
1768513367092,0,0,0,0,0,0,6,18,2,6,-30,-28,-28,-25,3814,274,3821,259,-1,0,0,0,0
1768513367192,0,0,0,0,0,0,-12,-22,2,0,-19,0,-23,-17,3814,274,3821,257,-1,0,0,0,0
1768513367294,0,0,0,0,0,0,4,-2,4,8,-10,-9,-12,0,3814,274,3821,257,-1,0,0,0,0
1768513367399,0,0,0,0,0,0,4,-2,2,6,-10,-9,0,0,3814,274,3821,257,-1,0,0,0,0
1768513367500,0,0,0,0,0,0,14,18,6,6,0,0,0,0,3814,274,3821,257,-1,0,0,0,0
1768513367600,0,0,0,0,0,0,2,-2,2,6,0,0,0,0,3814,274,3821,257,-1,0,0,0,0
1768513367701,0,0,0,0,0,0,4,0,4,6,0,0,0,0,3814,274,3821,257,-1,0,0,0,0
1768513367800,0,0,0,0,0,0,-14,-20,12,-2,0,0,0,0,3814,274,3819,257,-1,0,0,0,0
1768513367902,0,0,0,0,0,0,4,0,4,6,0,0,0,0,3814,274,3819,257,-1,0,0,0,0
1768513368002,0,0,0,0,0,0,4,0,4,6,0,0,0,0,3814,274,3819,257,-1,0,0,0,0
1768513368103,0,0,0,0,0,0,4,0,2,6,0,0,0,0,3814,274,3819,257,-1,0,0,0,0
1768513368204,0,0,0,0,0,0,-14,-22,6,6,0,0,0,0,3814,274,3819,257,-1,0,0,0,0
1768513368305,0,0,0,0,0,0,4,-2,6,2,0,0,0,0,3814,274,3819,257,-1,0,0,0,0
1768513368407,0,0,0,0,0,0,-14,-20,2,6,0,0,0,0,3814,274,3819,257,-1,0,0,0,0
1768513368507,0,0,0,0,0,0,4,0,12,-2,0,0,0,0,3814,276,3819,257,-1,0,0,0,0
1768513368609,0,0,0,0,0,0,4,0,2,6,0,0,0,0,3814,276,3819,257,-1,0,0,0,0
1768513368709,0,0,0,0,0,0,4,-2,2,6,0,0,0,0,3814,276,3819,257,-1,0,0,0,0
1768513368810,0,0,0,0,0,0,-14,-20,10,2,0,0,0,0,3814,276,3819,257,-1,0,0,0,0
1768513368914,0,0,0,0,0,0,4,0,4,6,0,0,0,0,3814,276,3819,257,-1,0,0,0,0
1768513369013,0,0,0,0,0,0,4,-2,10,-2,0,0,0,0,3814,276,3819,257,-1,0,0,0,0
1768513369113,0,0,0,0,0,0,4,-2,4,6,0,0,0,0,3814,276,3819,257,-1,0,0,0,0
1768513369219,0,0,0,0,0,0,2,-2,8,4,0,0,0,0,3814,276,3819,257,-1,0,0,0,0
1768513369317,0,0,0,0,0,0,14,20,4,8,0,0,0,0,3814,276,3819,257,-1,0,0,0,0
1768513369416,0,0,0,0,0,0,4,0,8,-2,0,0,0,0,3814,276,3819,257,-1,0,0,0,0
1768513369520,0,0,0,0,0,0,4,0,0,6,0,0,0,0,3814,276,3819,257,-1,0,0,0,0
1768513369618,0,0,0,0,0,0,4,0,4,4,0,0,0,0,3814,276,3819,257,-1,0,0,0,0
1768513369724,0,0,0,0,0,0,4,-2,8,2,0,0,0,0,3814,276,3819,257,-1,0,0,0,0
1768513369820,0,0,0,0,0,0,4,-2,4,6,0,0,0,0,3816,276,3819,257,-1,0,0,0,0
1768513369922,0,0,0,0,0,0,4,0,10,-2,0,0,0,0,3816,276,3819,257,-1,0,0,0,0
1768513370027,-100,0,0,0,0,0,4,-2,4,8,0,0,0,0,3814,276,3816,257,0,0,0,0,0
1768513370123,-100,0,0,0,0,0,-14,-20,6,6,0,0,0,0,3816,276,3816,257,0,0,0,0,0
1768513370227,-100,0,0,0,0,0,16,20,2,6,0,0,0,0,3816,276,3816,257,0,0,0,0,0
1768513370325,-100,0,0,0,0,0,6,0,2,6,0,0,0,0,3816,276,3819,257,0,0,0,0,0
1768513370430,-100,0,0,0,0,0,-14,-20,10,4,0,0,0,0,3816,276,3816,257,0,0,0,0,0
1768513370527,-100,0,0,0,0,0,4,0,2,6,0,0,0,0,3816,276,3816,257,0,0,0,0,0
1768513370628,-100,0,0,0,0,0,6,2,10,-2,0,0,0,0,3816,276,3816,257,0,0,0,0,0
1768513370729,-100,0,0,0,0,0,4,-2,2,6,0,0,0,0,3816,276,3816,257,0,0,0,0,0
1768513370831,-100,0,0,0,0,0,14,20,4,6,0,0,0,0,3816,276,3816,257,0,0,0,0,0
1768513370933,-100,0,0,0,0,0,4,0,10,2,0,0,0,0,3816,276,3816,257,0,0,0,0,0
1768513371034,-100,0,0,0,0,0,4,0,2,6,0,0,0,0,3816,276,3816,257,0,0,0,0,0
1768513371133,-100,0,0,0,0,0,-14,-20,6,6,0,0,0,0,3816,276,3816,257,0,0,0,0,0
1768513371234,-100,0,0,0,0,0,6,0,4,6,0,0,0,0,3816,276,3816,257,0,0,0,0,0
1768513371341,-100,0,0,0,0,0,4,0,8,2,0,0,0,0,3814,276,3816,257,0,0,0,0,0
1768513371437,-100,0,0,0,0,0,4,0,2,4,0,0,0,0,3814,276,3816,257,0,0,0,0,0
1768513371537,-100,0,0,0,0,0,16,20,10,-2,0,0,0,0,3814,276,3816,257,0,0,0,0,0
1768513371638,-100,0,0,0,0,0,4,-2,2,6,0,0,0,0,3814,276,3816,257,0,0,0,0,0
1768513371741,-100,0,0,0,0,0,16,18,4,6,0,0,0,0,3814,276,3816,257,0,0,0,0,0
1768513371841,-100,0,0,0,0,0,14,20,8,2,0,0,0,0,3816,276,3816,257,0,0,0,0,0
1768513371941,-100,0,0,0,0,0,4,0,2,6,0,0,0,0,3816,276,3816,257,0,0,0,0,0
1768513372043,-100,0,0,0,0,0,4,0,12,-4,0,0,0,0,3814,276,3816,257,0,0,0,0,0
1768513372143,-100,0,0,0,0,0,4,-2,4,6,0,0,0,0,3816,276,3816,257,0,0,0,0,0
1768513372244,-100,0,0,0,0,0,2,-2,4,6,0,0,0,0,3816,276,3816,257,0,0,0,0,0
1768513372346,-100,0,0,0,0,0,16,20,4,6,0,0,0,0,3816,276,3816,257,0,0,0,0,0
1768513372447,-100,0,0,0,0,0,-14,-22,4,6,0,0,0,0,3816,276,3816,257,0,0,0,0,0
1768513372547,-100,0,0,0,0,0,-14,-20,10,4,0,0,0,0,3816,276,3816,257,0,0,0,0,0
1768513372652,-100,0,0,0,0,0,16,18,4,6,0,0,0,0,3816,276,3816,259,0,0,0,0,0
1768513372749,-100,0,0,0,0,0,16,20,2,8,0,0,0,0,3816,278,3816,259,0,0,0,0,0
1768513372852,-100,0,0,0,0,0,6,0,4,6,0,0,0,0,3816,278,3816,259,0,0,0,0,0
1768513372954,-100,0,0,0,0,0,-12,-22,2,6,0,0,0,0,3816,278,3816,259,0,0,0,0,0
1768513373053,-100,0,0,0,0,0,16,18,8,2,0,0,0,0,3816,278,3816,259,0,0,0,0,0
1768513373153,-100,0,0,0,0,0,-14,-22,4,6,0,0,0,0,3816,278,3816,259,0,0,0,0,0
1768513373254,-100,0,0,0,0,0,16,20,4,6,0,0,0,0,3816,278,3816,259,0,0,0,0,0
1768513373359,-100,0,0,0,0,0,4,0,4,6,0,0,0,0,3816,278,3816,259,0,0,0,0,0
1768513373456,-100,0,0,0,0,0,6,0,8,2,0,0,0,0,3816,278,3814,259,0,0,0,0,0
1768513373558,-100,0,0,0,0,0,4,2,4,6,0,0,0,0,3814,278,3816,259,0,0,0,0,0
1768513373664,-100,0,0,0,0,0,4,-2,10,-2,0,0,0,0,3814,278,3816,259,0,0,0,0,0
1768513373759,-100,0,0,0,0,0,6,0,2,6,0,0,0,0,3814,278,3816,259,0,0,0,0,0
1768513373860,-100,0,0,0,0,0,6,2,4,6,0,0,0,0,3814,278,3816,259,0,0,0,0,0
1768513373961,-100,0,0,0,0,0,4,0,10,4,0,0,0,0,3814,278,3814,259,0,0,0,0,0
1768513374063,-100,0,0,0,0,0,2,0,4,6,0,0,0,0,3814,278,3814,259,0,0,0,0,0
1768513374163,-100,0,0,0,0,0,-14,-20,10,-2,0,0,0,0,3816,278,3814,259,0,0,0,0,0
1768513374264,-100,0,0,0,0,0,4,-2,4,6,0,0,0,0,3816,278,3814,259,0,0,0,0,0
1768513374366,-100,0,0,0,0,0,16,20,4,4,0,0,0,0,3816,278,3814,259,0,0,0,0,0
1768513374469,-100,0,0,0,0,0,14,16,0,6,0,0,0,0,3816,278,3814,259,0,0,0,0,0
1768513374568,-100,0,0,0,0,0,4,0,4,6,0,0,0,0,3816,278,3814,259,0,0,0,0,0
1768513374668,-100,0,0,0,0,0,16,18,10,-2,0,0,0,0,3814,278,3814,259,0,0,0,0,0
1768513374773,-100,0,0,0,0,0,6,0,2,6,0,0,0,0,3816,278,3814,259,0,0,0,0,0
1768513374936,-100,0,0,0,0,0,4,-2,4,6,0,0,0,0,3816,278,3814,259,0,0,0,0,0
1768513374971,-100,0,0,0,0,0,4,-2,2,6,0,0,0,0,3816,278,3814,259,0,0,0,0,0
1768513375073,-100,0,0,0,0,0,4,-2,4,6,0,0,0,0,3816,278,3814,259,0,0,0,0,0
1768513375202,-100,0,0,0,0,0,-12,-20,2,6,0,0,0,0,3816,278,3814,259,0,0,0,0,0
1768513375311,-100,0,0,0,0,0,4,0,4,6,0,0,0,0,3816,278,3814,259,0,0,0,0,0
1768513375407,-100,0,0,0,0,0,16,20,2,6,0,0,0,0,3816,278,3814,259,0,0,0,0,0
1768513375477,-100,0,0,0,0,0,4,0,6,8,0,0,0,0,3816,278,3814,259,0,0,0,0,0
1768513375593,-100,0,0,0,0,0,-14,-22,10,4,0,0,0,0,3816,278,3814,259,0,0,0,0,0
1768513375678,-100,0,0,0,0,0,4,-2,2,6,0,0,0,0,3816,278,3814,259,0,0,0,0,0
1768513375789,-100,0,0,0,0,0,-14,-20,4,6,0,0,0,0,3816,278,3814,259,0,0,0,0,0
1768513375880,-100,0,0,0,0,0,-14,-22,2,6,0,0,0,0,3816,278,3814,259,0,0,0,0,0
1768513375983,-100,0,0,0,0,0,4,0,2,4,0,0,0,0,3816,278,3814,259,0,0,0,0,0
1768513376082,-100,0,0,0,0,0,4,0,10,4,0,0,0,0,3816,278,3814,259,0,0,0,0,0
1768513376183,-100,0,0,0,0,0,2,-2,2,8,0,0,0,0,3816,278,3814,259,0,0,0,0,0
1768513376284,-100,0,0,0,0,0,-14,-20,8,-2,0,0,0,0,3816,278,3814,259,0,0,0,0,0
1768513376387,-100,0,0,0,0,0,-12,-20,2,6,0,0,0,0,3816,278,3814,259,0,0,0,0,0
1768513376488,-100,0,0,0,0,0,4,0,4,6,0,0,0,0,3814,278,3814,259,0,0,0,0,0
1768513376587,0,0,0,0,0,0,4,0,2,8,0,0,0,0,3814,278,3814,259,0,0,0,0,0
1768513376688,0,0,0,0,0,0,4,0,4,6,0,0,0,0,3814,278,3814,259,0,0,0,0,0
1768513376789,0,0,0,0,0,0,16,18,10,-2,0,0,0,0,3814,278,3814,259,0,0,0,0,0
1768513376891,0,0,0,0,0,0,2,0,0,6,0,0,0,0,3814,278,3814,259,0,0,0,0,0
1768513376992,0,0,0,0,0,0,4,0,4,6,0,0,0,0,3814,280,3814,259,0,0,0,0,0
1768513377092,0,0,0,0,0,0,-14,-20,2,6,0,0,0,0,3814,280,3814,259,0,0,0,0,0
1768513377193,0,0,0,0,0,0,4,0,10,-4,0,0,0,0,3814,280,3814,259,0,0,0,0,0
1768513377294,0,0,0,0,0,0,4,0,2,6,0,0,0,0,3816,280,3814,259,0,0,0,0,0
1768513377404,0,0,0,0,0,0,4,-2,4,6,0,0,0,0,3816,280,3814,259,0,0,0,0,0
1768513377497,0,0,0,0,0,0,-14,-20,2,6,0,0,0,0,3816,280,3814,259,0,0,0,0,0
1768513377598,0,0,0,0,0,0,-14,-20,4,6,0,0,0,0,3816,278,3814,259,0,0,0,0,0
1768513377698,0,0,0,0,0,0,-14,-22,10,-4,0,0,0,0,3816,278,3814,259,0,0,0,0,0
1768513377800,0,0,0,0,0,0,-14,-22,2,6,0,0,0,0,3816,280,3814,261,0,0,0,0,0
1768513377902,0,0,0,0,0,0,-14,-22,4,6,0,0,0,0,3816,280,3814,261,0,0,0,0,0
1768513378003,0,0,0,0,0,0,-14,-20,2,4,0,0,0,0,3816,280,3814,261,0,0,0,0,0
1768513378103,0,0,0,0,0,0,-14,-22,2,6,0,0,0,0,3816,280,3814,261,0,0,0,0,0
1768513378204,0,0,0,0,0,0,4,-2,10,4,0,0,0,0,3816,280,3814,261,0,0,0,0,0
1768513378305,0,0,0,0,0,0,2,-2,2,6,0,0,0,0,3814,280,3814,261,0,0,0,0,0
1768513378406,0,0,0,0,0,0,14,20,12,-2,0,0,0,0,3814,280,3814,261,0,0,0,0,0
1768513378508,0,0,0,0,0,0,14,20,2,6,0,0,0,0,3814,280,3814,261,0,0,0,0,0
1768513378608,0,0,0,0,0,0,-14,-20,4,6,0,0,0,0,3814,280,3814,261,0,0,0,0,0
1768513378710,0,0,0,0,0,0,-14,-20,10,4,0,0,0,0,3814,280,3814,261,0,0,0,0,0
1768513378812,0,0,0,0,0,0,-12,-16,4,6,0,0,0,0,3814,280,3814,261,0,0,0,0,0
1768513378911,0,0,0,0,0,0,-12,-18,2,6,0,8,10,0,3814,280,3814,259,0,0,0,0,0
1768513379013,0,0,0,0,0,0,2,-4,4,6,0,12,10,0,3814,280,3814,261,0,0,0,0,0
1768513379115,0,0,0,0,0,0,4,-2,10,-2,0,13,0,0,3814,280,3814,259,0,0,0,0,0
1768513379214,0,0,0,0,0,0,16,20,2,4,0,14,0,0,3814,280,3814,261,0,0,0,0,0
1768513379315,0,0,0,0,0,0,14,22,4,4,0,0,0,0,3816,280,3814,261,0,0,0,0,0
1768513379416,0,0,0,0,0,0,14,20,2,6,0,0,0,0,3814,280,3814,261,0,0,0,0,0
1768513379519,0,0,0,0,0,0,16,18,2,6,0,0,0,0,3814,280,3814,261,0,0,0,0,0
1768513379628,0,0,0,0,0,0,-14,-18,20,-10,0,0,0,0,3816,280,3814,261,0,0,0,0,0
1768513379722,0,0,0,0,0,0,4,-2,2,6,0,0,0,0,3816,280,3814,261,0,0,0,0,0
1768513379820,0,0,0,0,0,0,4,0,2,6,0,0,0,0,3816,280,3814,261,0,0,0,0,0
1768513379922,0,0,0,0,0,0,6,0,2,8,0,0,0,0,3816,280,3814,261,0,0,0,0,0
1768513380023,0,0,0,0,0,0,4,0,2,4,0,0,0,0,3816,280,3814,261,0,0,0,0,0
1768513380123,0,0,0,0,0,0,4,0,2,6,0,0,0,0,3816,280,3814,261,0,0,0,0,0
1768513380234,0,0,0,0,0,0,4,-2,2,4,0,0,0,0,3816,280,3814,261,0,0,0,0,0
1768513380325,0,0,0,0,0,0,6,-2,0,6,0,0,0,0,3816,280,3814,261,0,0,0,0,0
1768513380426,-654,0,0,0,0,0,4,0,2,6,0,0,0,0,3816,280,3814,261,0,0,0,0,0
1768513380528,0,0,0,0,0,0,4,0,2,6,0,0,0,0,3816,280,3814,261,0,0,0,0,0
1768513380629,-112,0,0,0,0,0,4,0,2,6,0,0,0,0,3816,282,3814,261,0,0,0,0,0
1768513380730,-462,0,0,0,0,0,4,0,2,6,0,0,0,0,3816,282,3814,261,0,0,0,0,0
1768513380832,0,0,0,0,0,0,6,0,2,6,0,0,0,0,3816,282,3814,261,1,1,0,0,0
1768513380932,0,0,0,0,0,0,4,0,2,6,0,0,0,0,3816,282,3814,261,1,1,0,0,0
1768513381033,0,0,0,0,0,0,4,18,2,6,0,0,0,0,3816,282,3814,261,1,1,0,0,0
1768513381134,0,0,0,0,0,0,6,20,4,6,0,0,0,0,3816,282,3814,263,1,1,0,0,0
1768513381234,0,0,0,0,0,0,4,0,2,6,0,0,0,0,3816,282,3814,263,1,1,0,0,0
1768513381336,0,0,0,0,0,0,4,-2,2,4,0,0,0,0,3816,282,3814,263,1,1,0,0,0
1768513381437,0,0,0,0,0,0,8,18,2,6,0,0,0,0,3816,282,3814,263,1,1,0,0,0
1768513381538,0,0,0,0,0,0,-14,-18,2,6,0,0,0,0,3816,282,3814,263,1,1,0,0,0
1768513381638,0,0,0,0,0,0,4,0,2,4,0,0,0,0,3816,282,3816,263,1,1,0,0,0
1768513381740,0,0,0,0,0,0,-8,-18,4,6,0,0,0,0,3816,282,3816,263,1,1,0,0,0
1768513381843,-762,0,0,0,0,0,4,0,2,6,0,0,0,0,3816,282,3816,263,1,1,0,0,0
1768513381942,0,0,0,0,0,0,4,0,2,6,0,0,0,0,3816,282,3816,263,1,1,0,0,0
1768513382047,-154,0,0,0,0,0,4,0,2,4,0,0,0,0,3819,282,3816,263,1,1,0,0,0
1768513382144,-348,0,0,0,0,0,-14,-20,0,6,0,0,0,0,3819,282,3816,263,1,1,0,0,0
1768513382245,0,0,0,0,0,0,6,0,4,6,0,0,0,0,3819,282,3816,263,-1,0,0,0,0
1768513382356,0,0,0,0,0,0,4,-2,2,4,0,0,0,0,3819,282,3816,263,-1,0,0,0,0
1768513382447,0,0,0,0,0,0,12,22,2,6,0,0,0,0,3819,282,3816,263,-1,0,0,0,0
1768513382548,0,0,0,0,0,0,4,0,2,6,0,0,0,0,3819,282,3816,263,-1,0,0,0,0
1768513382649,0,0,0,0,0,0,2,0,0,4,0,0,0,0,3819,282,3816,263,-1,0,0,0,0
1768513382750,0,0,0,0,0,0,4,-2,2,6,0,0,0,0,3819,282,3816,263,-1,0,0,0,0
1768513382851,0,0,0,0,0,0,16,20,2,6,0,0,0,0,3819,282,3816,263,-1,0,0,0,0
1768513382961,0,0,0,0,0,0,4,0,2,6,0,0,0,0,3819,282,3816,263,-1,0,0,0,0
1768513383053,0,0,0,0,0,0,4,0,2,4,0,0,0,0,3819,282,3816,263,-1,0,0,0,0
1768513383175,166,0,-26,-26,-15,-15,16,32,2,6,0,0,0,0,3819,282,3816,263,-1,0,0,0,0
1768513383255,216,0,-34,-34,-19,-19,4,0,2,6,0,0,0,0,3819,282,3816,263,-1,0,0,0,0
1768513383356,268,0,-43,-43,-23,-23,4,-2,0,8,0,0,0,0,3819,282,3816,263,-1,0,0,0,0
1768513383459,284,0,-45,-45,-25,-25,4,0,2,6,0,0,0,0,3819,282,3816,263,-1,0,0,0,0
1768513383557,300,0,-48,-48,-26,-26,4,0,2,6,0,0,0,0,3819,282,3816,263,-1,0,0,0,0
1768513383660,310,0,-50,-50,-26,-26,6,20,2,4,0,0,0,0,3819,282,3816,263,-1,0,0,0,0
1768513383763,328,0,-53,-53,-28,-28,16,20,4,6,-6,0,0,0,3819,282,3816,263,-1,0,0,0,0
1768513383861,348,0,-57,-57,-29,-29,4,0,4,0,0,0,0,0,3819,282,3816,261,-1,0,0,0,0
1768513383962,368,0,-60,-60,-31,-31,4,0,4,6,0,0,0,0,3819,282,3816,261,-1,0,0,0,0
1768513384068,376,0,-62,-62,-31,-31,4,0,10,-2,-8,-5,0,0,3819,282,3816,261,-1,0,0,0,0
1768513384165,388,0,-64,-64,-32,-32,6,0,4,4,-8,0,-7,0,3816,282,3816,261,-1,0,0,0,0
1768513384265,392,0,-65,-65,-32,-32,4,-2,2,6,-6,-10,0,0,3816,282,3816,261,-1,0,0,0,0
1768513384372,396,0,-65,-65,-33,-33,-12,-20,2,6,-6,0,-7,0,3816,282,3816,261,-1,0,0,0,0
1768513384466,492,0,-83,-83,-39,-39,4,0,2,6,0,0,0,-5,3816,282,3816,261,-1,0,0,0,0
1768513384568,496,0,-84,-84,-39,-39,6,0,2,4,0,0,0,0,3816,282,3816,261,-1,0,0,0,0
1768513384669,500,0,-85,-85,-39,-39,6,0,2,4,0,0,0,0,3816,282,3816,261,-1,0,0,0,0
1768513384770,532,0,-91,-91,-41,-41,-12,-20,4,6,0,0,0,0,3814,282,3816,261,-1,0,0,0,0
1768513384871,568,0,-98,-98,-43,-43,6,0,2,4,0,0,0,0,3814,282,3816,261,-1,0,0,0,0
1768513384971,620,0,-109,-109,-45,-45,-8,-20,2,4,0,0,0,0,3814,282,3816,261,-1,0,0,0,0
1768513385073,648,0,-114,-114,-47,-47,-8,-18,0,4,0,0,0,0,3814,282,3816,261,-1,0,0,0,0
1768513385174,710,0,-127,-127,-49,-49,6,-2,2,6,0,0,0,0,3814,282,3816,261,-1,0,0,0,0
1768513385275,718,0,-129,-129,-50,-50,6,0,4,4,0,0,-6,0,3814,282,3816,261,-1,0,0,0,0
1768513385376,718,0,-129,-129,-50,-50,4,0,4,6,0,0,0,-10,3814,282,3816,261,-1,0,0,0,0
1768513385476,750,0,-135,-135,-51,-51,-10,-20,4,6,0,0,-6,-7,3814,282,3816,261,-1,0,0,0,0
1768513385580,752,0,-136,-136,-51,-51,-10,-18,10,2,-12,-10,-8,0,3816,282,3816,261,-1,0,0,0,0
1768513385679,746,0,-135,-135,-51,-51,10,2,4,6,-19,-17,-19,0,3814,280,3816,261,-1,0,0,0,0
1768513385780,724,0,-130,-130,-50,-50,-12,-12,6,10,-24,-21,-23,0,3814,280,3816,261,-1,0,0,0,0
1768513385881,436,0,-73,-73,-35,-35,10,2,6,8,-33,-27,-27,0,3814,282,3816,263,-1,0,0,0,0
1768513385982,392,0,-65,-65,-32,-32,-6,-20,4,8,-33,-31,-32,-31,3814,282,3816,265,-1,0,0,0,0
1768513386087,396,0,-65,-65,-33,-33,8,0,4,10,-34,-34,-34,-34,3814,282,3816,265,-1,0,0,0,0
1768513386191,404,0,-67,-67,-33,-33,6,0,6,12,-36,-35,-36,-38,3814,282,3816,267,-1,0,0,0,0
1768513386285,404,0,-67,-67,-33,-33,-2,-12,14,8,-38,-36,-36,-35,3814,282,3816,267,-1,0,0,0,0
1768513386386,402,0,-67,-67,-33,-33,18,24,8,10,-38,-35,-37,-35,3814,282,3816,267,-1,0,0,0,0
1768513386487,406,0,-67,-67,-33,-33,6,18,10,8,-39,-36,-37,-36,3814,282,3816,269,-1,0,0,0,0
1768513386588,406,0,-67,-67,-33,-33,-14,-12,6,6,-38,-36,-37,-36,3814,282,3816,269,-1,0,0,0,0
1768513386689,398,0,-66,-66,-33,-33,4,0,4,8,-40,-38,-38,-50,3814,282,3816,269,-1,0,0,0,0
1768513386790,398,0,-66,-66,-33,-33,6,2,6,8,-41,-38,-39,-38,3814,282,3816,269,-1,0,0,0,0
1768513386891,394,0,-65,-65,-32,-32,6,2,14,-2,-41,-39,-40,-39,3814,284,3816,269,-1,0,0,0,0
1768513386992,342,0,-56,-56,-29,-29,8,2,8,8,-42,-39,-40,-39,3814,284,3816,269,-1,0,0,0,0
1768513387093,208,0,-33,-33,-18,-18,-2,-12,4,8,-43,-40,-41,-39,3814,284,3816,269,-1,0,0,0,0
1768513387194,0,0,0,0,0,0,4,2,8,-2,-41,-39,-40,-39,3814,284,3816,271,-1,0,0,0,0
1768513387295,0,0,0,0,0,0,4,0,4,6,-38,-37,-37,-36,3814,284,3816,269,-1,0,0,0,0
1768513387396,0,0,0,0,0,0,-14,-20,2,4,-35,-32,-33,-32,3814,284,3816,269,-1,0,0,0,0
1768513387499,0,0,0,0,0,0,4,0,2,6,-30,-28,-30,-26,3814,284,3816,267,-1,0,0,0,0
1768513387598,0,0,0,0,0,0,-14,-22,4,6,-27,-25,-26,-22,3814,284,3816,267,-1,0,0,0,0
1768513387699,0,0,0,0,0,0,4,0,4,6,-23,-20,-22,-18,3814,284,3816,267,-1,0,0,0,0
1768513387804,0,0,0,0,0,0,4,0,2,4,-17,0,-16,-15,3814,284,3816,267,-1,0,0,0,0
1768513387901,-186,0,0,0,0,0,4,-2,2,6,-14,-11,-13,-13,3814,284,3816,265,-1,0,0,0,0
1768513388002,-462,0,0,0,0,0,16,16,4,-2,-12,-9,-12,0,3814,284,3816,265,-1,0,0,0,0
1768513388104,-478,0,0,0,0,0,-16,-18,20,-2,-9,0,-8,-6,3814,282,3816,265,-1,0,0,0,0
1768513388205,-478,0,0,0,0,0,14,22,2,4,0,0,0,7,3811,284,3816,265,-1,0,0,0,0
1768513388306,-476,0,0,0,0,0,-8,-20,4,6,0,0,0,0,3811,282,3816,265,-1,0,0,0,0
1768513388407,0,0,0,0,0,0,-10,-20,4,6,0,0,0,0,3814,282,3816,265,-1,0,0,0,0
1768513388511,0,0,0,0,0,0,-10,-20,0,4,0,0,0,0,3814,282,3816,265,-1,0,0,0,0
1768513388610,86,0,-13,-13,-8,-8,-8,-18,2,6,0,0,0,0,3814,282,3816,265,-1,0,0,0,0
1768513388710,228,0,-36,-36,-20,-20,0,-8,0,0,0,0,0,0,3814,282,3816,265,-1,0,0,0,0
1768513388811,292,0,-47,-47,-25,-25,0,-12,4,6,0,0,0,0,3814,282,3816,265,-1,0,0,0,0
1768513388912,548,0,-94,-94,-42,-42,-4,-16,6,4,0,0,0,0,3814,282,3816,265,-1,0,0,0,0
1768513389013,560,0,-97,-97,-42,-42,-8,-20,2,4,0,0,0,0,3814,282,3816,265,-1,0,0,0,0
1768513389114,560,0,-97,-97,-42,-42,6,-2,2,6,0,0,0,0,3814,282,3816,265,-1,0,0,0,0
1768513389222,572,0,-99,-99,-43,-43,6,0,4,4,0,0,0,0,3814,282,3816,265,-1,0,0,0,0
1768513389322,588,0,-102,-102,-44,-44,6,0,12,2,0,0,0,0,3814,282,3816,265,-1,0,0,0,0
1768513389422,612,0,-107,-107,-45,-45,6,0,2,4,0,0,0,0,3814,282,3816,265,-1,0,0,0,0
1768513389519,638,0,-112,-112,-46,-46,6,-2,2,6,0,0,0,0,3814,284,3816,263,-1,0,0,0,0
1768513389620,656,0,-116,-116,-47,-47,6,0,0,4,0,0,0,0,3814,284,3816,263,-1,0,0,0,0
1768513389724,724,0,-130,-130,-50,-50,6,0,2,-2,0,0,0,0,3814,282,3816,263,-1,0,0,0,0
1768513389822,756,0,-137,-137,-51,-51,8,0,2,6,0,0,0,0,3814,284,3816,263,-1,0,0,0,0
1768513389923,828,0,-152,-152,-54,-54,-10,-20,2,6,-6,0,-6,0,3814,284,3816,263,-1,0,0,0,0
1768513390027,844,0,-156,-156,-54,-54,0,-12,6,6,0,-5,-6,-5,3814,284,3816,263,-1,0,0,0,0
1768513390125,870,0,-162,-162,-55,-55,4,-8,26,-2,-15,-13,-16,-18,3814,284,3816,263,-1,0,0,0,0
1768513390228,884,0,-165,-165,-55,-55,-6,-16,6,6,-21,-21,-22,-22,3814,282,3816,263,-1,0,0,0,0
1768513390332,826,0,-152,-152,-54,-54,2,-12,4,8,-31,-28,-30,-26,3814,284,3816,265,-1,0,0,0,0
1768513390428,0,0,-35,-35,0,0,12,2,4,12,-34,-33,-34,0,3814,284,3816,267,-1,0,0,0,0
1768513390530,-446,0,39,39,65,65,4,0,4,8,-39,-38,-39,-37,3814,284,3816,267,-1,0,0,0,0
1768513390632,-964,0,62,62,145,145,12,22,2,4,-38,-37,-37,-35,3814,284,3816,267,-1,0,0,0,0
1768513390731,-988,0,44,44,97,97,-10,-22,2,8,-27,-30,-28,0,3811,284,3816,267,-1,0,0,0,0
1768513390832,-984,0,0,0,0,0,2,-4,2,10,-14,-17,-20,-11,3814,284,3816,267,-1,0,0,0,0
1768513390933,-986,0,0,0,0,0,4,-2,4,6,-14,0,0,0,3814,284,3814,265,-1,0,0,0,0
1768513391034,-982,0,0,0,0,0,4,0,4,6,0,0,5,0,3814,284,3814,265,-1,0,0,0,0
1768513391135,-980,0,0,0,0,0,6,-2,2,6,5,6,0,8,3814,284,3816,265,-1,0,0,0,0
1768513391236,-920,0,0,0,0,0,2,0,0,6,0,0,5,0,3814,284,3816,265,-1,0,0,0,0
1768513391338,-140,0,0,0,0,0,4,-2,2,6,0,0,0,0,3814,284,3816,265,-1,0,0,0,0
1768513391442,0,0,0,0,0,0,4,-2,2,6,0,0,0,0,3814,284,3816,265,-1,0,0,0,0
1768513391539,0,0,0,0,0,0,4,0,2,6,0,0,0,0,3814,284,3814,265,-1,0,0,0,0
1768513391640,0,0,0,0,0,0,4,0,2,6,0,0,0,0,3814,284,3814,265,-1,0,0,0,0
1768513391742,0,0,0,0,0,0,6,0,4,4,0,0,0,0,3814,284,3814,265,-1,0,0,0,0
1768513391842,0,0,0,0,0,0,4,0,4,6,0,0,0,0,3814,284,3814,265,-1,0,0,0,0
1768513391946,0,0,0,0,0,0,4,-2,4,4,0,0,0,0,3814,284,3814,265,-1,0,0,0,0
1768513392044,0,0,0,0,0,0,4,0,4,6,0,0,0,0,3814,284,3814,265,-1,0,0,0,0
1768513392145,0,0,0,0,0,0,4,-2,4,6,0,0,0,0,3816,284,3814,265,-1,0,0,0,0
1768513392246,0,0,0,0,0,0,4,0,2,4,0,0,0,0,3816,284,3814,265,-1,0,0,0,0
1768513392352,0,0,0,0,0,0,4,0,2,6,0,0,0,0,3816,284,3814,265,-1,0,0,0,0
1768513392448,0,0,0,0,0,0,6,0,2,4,0,0,0,0,3816,284,3814,265,-1,0,0,0,0
1768513392549,0,0,0,0,0,0,4,0,4,6,0,0,0,0,3816,284,3814,265,-1,0,0,0,0
1768513392650,0,0,0,0,0,0,6,-2,2,6,0,0,0,0,3816,284,3814,265,-1,0,0,0,0
1768513392753,0,0,0,0,0,0,2,-2,2,4,0,0,0,0,3816,284,3814,265,-1,0,0,0,0
1768513392854,0,0,0,0,0,0,4,-2,2,6,0,0,0,0,3816,284,3814,265,-1,0,0,0,0
1768513392967,0,0,0,0,0,0,4,0,4,6,0,0,0,0,3816,284,3814,265,-1,0,0,0,0
1768513393059,0,0,0,0,0,0,4,0,4,8,0,0,0,0,3816,284,3814,265,-1,0,0,0,0
1768513393155,0,0,0,0,0,0,2,-2,4,6,0,0,0,0,3816,284,3814,265,-1,0,0,0,0
1768513393260,0,0,0,0,0,0,4,0,4,4,0,0,0,0,3816,284,3814,265,-1,0,0,0,0
1768513393357,0,0,0,0,0,0,4,-2,2,6,0,0,0,0,3816,284,3814,265,-1,0,0,0,0
1768513393458,0,136,29,-29,0,0,4,-2,4,6,0,0,0,0,3816,284,3814,265,-1,0,0,0,0
1768513393559,0,226,49,-49,0,0,4,0,4,6,0,0,0,0,3816,284,3814,265,-1,0,0,0,0
1768513393660,0,306,67,-67,0,0,4,2,4,4,0,0,0,0,3816,284,3814,265,-1,0,0,0,0
1768513393761,0,416,91,-91,0,0,6,0,2,6,0,0,0,0,3816,286,3814,265,-1,0,0,0,0
1768513393862,0,498,109,-109,0,0,6,0,4,6,0,0,0,0,3819,286,3814,265,-1,0,0,0,0
1768513393963,0,588,129,-129,0,0,6,2,4,4,0,0,0,0,3819,286,3814,265,-1,0,0,0,0
1768513394064,0,678,149,-149,0,0,6,2,4,6,0,0,0,0,3819,286,3811,265,-1,0,0,0,0
1768513394165,0,802,176,-176,0,0,-12,-18,4,6,0,0,0,0,3816,286,3811,265,-1,0,0,0,0
1768513394269,0,904,198,-198,0,0,-10,-16,4,6,0,0,0,0,3816,286,3811,265,-1,0,0,0,0
1768513394368,0,936,205,-205,0,0,-10,-16,2,6,0,0,0,0,3816,286,3811,265,-1,0,0,0,0
1768513394468,0,906,199,-199,0,0,18,26,4,6,0,0,0,0,3816,286,3811,265,-1,0,0,0,0
1768513394572,0,832,183,-183,0,0,8,4,4,6,0,0,0,0,3816,286,3811,265,-1,0,0,0,0
1768513394670,0,402,88,-88,0,0,6,2,4,6,0,0,0,0,3816,286,3811,265,-1,0,0,0,0
1768513394771,0,0,0,0,0,0,-14,-20,2,6,0,0,0,0,3816,286,3811,267,-1,0,0,0,0
1768513394872,0,0,0,0,0,0,4,-2,4,6,0,0,0,0,3816,286,3811,267,-1,0,0,0,0
1768513394976,0,0,0,0,0,0,-14,-22,4,6,0,0,0,0,3816,286,3811,267,-1,0,0,0,0
1768513395074,0,0,0,0,0,0,4,0,4,6,0,0,0,0,3816,286,3811,267,-1,0,0,0,0
1768513395175,0,0,0,0,0,0,4,0,4,6,0,0,0,0,3816,286,3811,267,-1,0,0,0,0
1768513395277,0,-288,-63,63,0,0,-8,-18,2,6,0,0,0,0,3816,286,3811,267,-1,0,0,0,0
1768513395378,0,-512,-112,112,0,0,2,-6,4,6,0,0,0,0,3816,286,3811,267,-1,0,0,0,0
1768513395478,0,-766,-168,168,0,0,12,22,2,6,0,0,0,0,3816,288,3811,267,-1,0,0,0,0
1768513395579,0,-896,-197,197,0,0,8,0,2,6,0,0,0,0,3816,286,3811,267,-1,0,0,0,0
1768513395680,0,-936,-198,198,0,0,8,2,4,6,0,7,0,0,3816,286,3811,267,-1,0,0,0,0
1768513395782,0,-950,-209,209,0,0,-6,-18,2,6,0,7,0,0,3816,286,3811,267,-1,0,0,0,0
1768513395882,0,-858,-188,188,0,0,6,0,2,6,0,0,0,0,3816,286,3811,267,-1,0,0,0,0
1768513395986,0,-398,-87,87,0,0,16,24,2,4,0,0,0,0,3816,286,3811,267,-1,0,0,0,0
1768513396084,0,-64,-14,14,0,0,6,0,4,6,0,0,0,0,3816,286,3811,267,-1,0,0,0,0
1768513396185,0,0,0,0,0,0,6,0,2,4,0,0,0,0,3816,286,3811,267,-1,0,0,0,0
1768513396288,0,0,0,0,0,0,4,0,2,6,0,0,0,0,3816,286,3811,267,-1,0,0,0,0
1768513396387,0,104,22,-22,0,0,4,0,2,6,0,0,0,0,3816,286,3811,267,-1,0,0,0,0
1768513396489,0,316,69,-69,0,0,-12,-22,2,4,0,0,0,0,3816,286,3811,267,-1,0,0,0,0
1768513396594,0,506,111,-111,0,0,18,28,4,4,0,0,0,0,3816,286,3811,267,-1,0,0,0,0
1768513396702,0,598,131,-131,0,0,-8,-16,4,6,0,0,0,0,3816,286,3811,267,-1,0,0,0,0
1768513396797,0,710,156,-156,0,0,8,2,2,6,0,0,0,0,3816,286,3811,267,-1,0,0,0,0
1768513396893,0,534,117,-117,0,0,8,4,4,6,0,0,0,0,3816,286,3811,267,-1,0,0,0,0
1768513397009,0,118,25,-25,0,0,-12,-20,2,6,0,0,0,0,3816,286,3811,267,-1,0,0,0,0
1768513397094,0,0,0,0,0,0,4,2,0,6,0,0,0,0,3814,288,3811,267,-1,0,0,0,0
1768513397195,0,0,0,0,0,0,4,0,4,6,0,0,0,0,3814,288,3811,267,-1,0,0,0,0
1768513397296,0,0,0,0,0,0,-16,-20,4,6,0,0,0,0,3814,288,3811,267,-1,0,0,0,0
1768513397397,0,0,0,0,0,0,-16,-18,2,6,0,0,0,0,3816,288,3811,267,-1,0,0,0,0
1768513397506,0,0,0,0,0,0,4,0,2,4,0,0,0,0,3816,288,3811,267,-1,0,0,0,0
1768513397601,0,0,0,0,0,0,-12,-22,2,6,0,0,0,0,3814,288,3809,267,-1,0,0,0,0
1768513397702,0,0,0,0,0,0,4,-2,2,6,0,0,0,0,3814,288,3811,267,-1,0,0,0,0
1768513397802,0,0,0,0,0,0,4,0,2,4,0,0,0,0,3816,288,3809,267,-1,0,0,0,0
1768513397903,0,0,0,0,0,0,16,28,6,6,0,0,0,0,3816,288,3809,267,-1,0,0,0,0
1768513398004,-518,0,0,0,0,0,4,-2,2,6,0,0,0,0,3814,288,3809,267,-1,0,0,0,0
1768513398108,-392,0,0,0,0,0,4,0,4,4,0,0,0,0,3814,288,3809,267,-1,0,0,0,0
1768513398206,-200,0,0,0,0,0,6,0,2,6,0,0,0,0,3814,288,3809,267,-1,0,0,0,0
1768513398307,-508,0,0,0,0,0,6,0,2,4,0,0,0,0,3816,288,3809,267,-1,0,0,0,0
1768513398409,0,0,0,0,0,0,4,0,4,4,0,0,0,0,3816,288,3809,267,1,1,0,0,0
1768513398515,0,0,0,0,0,0,4,0,2,4,0,0,0,0,3816,288,3809,267,1,1,0,0,0
1768513398610,0,0,0,0,0,0,4,0,4,6,0,0,0,0,3816,288,3809,267,1,1,0,0,0
1768513398712,0,0,0,0,0,0,6,14,4,6,0,0,0,0,3816,288,3809,267,1,1,0,0,0
1768513398813,0,0,0,0,0,0,4,2,2,6,0,0,0,0,3816,288,3809,267,1,1,0,0,0
1768513398917,160,88,38,0,20,20,6,0,4,6,0,0,0,0,3816,290,3809,267,1,1,0,0,0
1768513399015,464,206,86,-3,74,74,-4,-14,2,6,0,0,0,0,3816,288,3809,267,1,1,0,0,0
1768513399117,608,264,103,-12,106,106,-2,-14,4,8,0,0,0,0,3816,288,3809,267,1,1,0,0,0
1768513399222,488,280,103,-19,79,79,4,-2,4,10,0,0,0,0,3816,288,3809,267,1,1,0,0,0
1768513399321,482,286,103,-19,78,78,4,0,2,8,0,0,0,0,3816,288,3809,267,1,1,0,0,0
1768513399418,478,308,105,-21,77,77,4,-2,4,8,5,0,5,0,3816,288,3809,267,1,1,0,0,0
1768513399519,482,330,111,-27,78,78,8,0,4,8,6,6,8,0,3816,288,3809,267,1,1,0,0,0
1768513399620,482,340,109,-25,78,78,6,-2,8,8,10,10,10,0,3816,288,3809,267,1,1,0,0,0
1768513399721,482,350,108,-24,78,78,-14,-20,4,10,14,14,13,14,3816,288,3809,267,1,1,0,0,0
1768513399822,484,366,107,-23,78,78,-4,-20,16,6,19,15,18,0,3816,288,3809,267,1,1,0,0,0
1768513399928,484,374,106,-22,117,39,-2,-16,6,10,22,17,21,0,3816,286,3811,269,1,1,0,0,0
1768513400025,482,378,105,-21,137,19,-14,-20,16,8,23,24,24,29,3814,288,3811,269,1,1,0,0,0
1768513400126,482,382,101,-17,177,-20,6,-4,10,10,27,27,26,28,3814,288,3811,271,1,1,0,0,0
1768513400228,484,380,100,-16,177,-19,6,-4,12,6,32,29,31,29,3814,288,3811,271,1,1,0,0,0
1768513400328,486,374,99,-15,176,-17,8,-4,16,8,36,33,34,31,3814,288,3809,269,1,1,0,0,0
1768513400432,484,372,99,-15,175,-17,-2,-18,16,6,39,36,38,36,3814,288,3809,267,1,1,0,0,0
1768513400533,484,374,99,-15,176,-18,-2,-18,28,-4,42,39,41,39,3814,288,3809,265,1,1,0,0,0
1768513400631,484,370,99,-14,175,-17,-6,-22,26,-4,44,42,44,42,3814,288,3809,265,1,1,0,0,0
1768513400731,484,362,97,-13,172,-15,8,-4,18,6,47,45,46,44,3814,290,3809,265,1,1,0,0,0
1768513400832,482,350,95,-11,169,-12,-8,-24,20,8,51,48,49,47,3814,290,3809,265,1,1,0,0,0
1768513400933,472,332,92,-9,162,-10,6,-4,22,8,54,50,52,49,3814,290,3811,267,1,1,0,0,0
1768513401034,466,258,81,1,142,7,10,-2,16,6,57,53,55,52,3811,292,3811,269,1,1,0,0,0
1768513401135,466,154,65,17,95,54,6,-4,20,8,59,56,57,55,3811,292,3811,269,1,1,0,0,0
1768513401237,464,0,41,41,74,74,6,-4,12,14,60,56,58,57,3814,292,3811,269,1,1,0,0,0
1768513401339,448,-98,25,55,65,77,12,20,12,14,62,58,60,58,3811,292,3811,269,1,1,0,0,0
1768513401439,408,-324,-11,88,-20,147,4,-2,10,20,64,62,62,61,3811,292,3809,269,1,1,0,0,0
1768513401539,394,-398,-23,99,-42,163,2,4,4,20,62,62,60,0,3811,292,3809,267,1,1,0,0,0
1768513401644,388,-254,-1,76,-6,125,-2,6,4,26,60,66,63,63,3811,292,3809,269,1,1,0,0,0
1768513401744,358,0,35,35,53,53,-12,-16,10,14,61,67,62,63,3811,292,3809,269,1,1,0,0,0
1768513401842,334,64,44,24,50,48,4,0,10,14,64,61,61,63,3811,292,3809,267,1,1,0,0,0
1768513401943,314,168,58,7,71,19,8,0,6,12,62,62,60,61,3811,292,3811,267,1,1,0,0,0
1768513402044,0,94,14,-14,5,-5,4,0,14,10,62,61,60,61,3811,292,3811,267,1,1,0,0,0
1768513402147,0,0,0,0,0,0,-12,-20,14,-2,61,59,58,60,3811,292,3811,265,1,1,0,0,0
1768513402248,-570,0,-121,-121,-51,-51,4,-2,2,6,56,56,55,57,3811,292,3811,265,1,1,0,0,0
1768513402347,-916,0,-194,-194,-58,-58,16,20,4,6,49,47,47,52,3811,292,3811,267,1,1,0,0,0
1768513402450,-998,0,-155,-155,-54,-54,2,-2,2,6,38,39,37,38,3811,292,3811,267,1,1,0,0,0
1768513402549,-998,0,-76,-76,-36,-36,-8,-18,14,2,22,19,20,21,3811,290,3811,267,1,1,0,0,0
1768513402658,-998,0,0,0,0,0,-10,-22,2,6,14,0,14,14,3811,292,3811,267,1,1,0,0,0
1768513402756,-1000,0,0,0,0,0,-10,-22,2,6,0,0,0,0,3811,292,3811,267,1,1,0,0,0
1768513402854,-990,0,0,0,0,0,16,20,2,6,0,0,0,0,3811,292,3811,267,1,1,0,0,0
1768513402953,-656,0,0,0,0,0,16,20,0,6,0,0,0,0,3811,292,3811,269,1,1,0,0,0
1768513403054,0,0,0,0,0,0,-12,-20,2,4,0,0,0,0,3811,292,3811,269,1,1,0,0,0
1768513403157,0,0,0,0,0,0,4,-2,4,6,0,0,0,0,3811,292,3811,269,1,1,0,0,0
1768513403257,0,0,0,0,0,0,6,0,2,6,0,0,0,0,3811,292,3811,269,1,1,0,0,0
1768513403357,0,0,0,0,0,0,4,0,2,4,0,0,0,0,3811,292,3811,269,1,1,0,0,0
1768513403458,0,0,0,0,0,0,4,-2,2,6,0,0,0,0,3811,290,3811,269,1,1,0,0,0
1768513403559,0,0,0,0,0,0,4,0,2,6,0,0,0,0,3811,290,3811,271,1,1,0,0,0
1768513403663,0,0,0,0,0,0,4,0,0,6,0,0,0,0,3811,290,3811,271,1,1,0,0,0
1768513403765,0,0,0,0,0,0,16,20,-2,4,0,0,0,0,3811,290,3811,271,1,1,0,0,0
1768513403865,0,0,0,0,0,0,4,0,0,6,0,0,0,0,3811,290,3811,271,1,1,0,0,0
1768513403964,0,0,0,0,0,0,4,0,2,6,0,0,0,0,3811,290,3811,271,1,1,0,0,0
1768513404066,0,0,0,0,0,0,16,20,2,6,0,0,0,0,3811,290,3811,271,1,1,0,0,0
1768513404167,0,0,0,0,0,0,-14,-20,2,6,0,0,0,0,3811,290,3811,271,1,1,0,0,0
1768513404268,0,0,0,0,0,0,4,0,2,4,0,0,0,0,3811,290,3811,271,1,1,0,0,0
1768513404368,0,0,0,0,0,0,4,0,2,4,0,0,0,0,3811,290,3811,271,1,1,0,0,0
1768513404469,0,0,0,0,0,0,-12,-20,2,6,0,0,0,0,3811,290,3811,271,1,1,0,0,0
1768513404570,-530,0,0,0,0,0,16,20,2,6,0,0,0,0,3811,290,3811,271,1,1,0,0,0
1768513404672,0,0,0,0,0,0,4,0,0,6,0,0,0,0,3811,290,3811,271,1,1,0,0,0
1768513404772,-358,0,0,0,0,0,4,0,0,6,0,0,0,0,3811,290,3814,271,1,1,0,0,0
1768513404873,0,0,0,0,0,0,-14,-20,0,6,0,0,0,0,3811,290,3814,271,-1,0,0,0,0
1768513404974,0,0,0,0,0,0,4,0,0,6,0,0,0,0,3811,290,3814,271,-1,0,0,0,0
1768513405074,0,0,0,0,0,0,-14,-20,2,4,0,0,0,0,3811,290,3814,271,-1,0,0,0,0
1768513405175,0,0,0,0,0,0,4,-2,2,6,0,0,0,0,3811,290,3814,271,-1,0,0,0,0
1768513405276,0,0,0,0,0,0,14,20,2,6,0,0,0,0,3811,290,3814,271,-1,0,0,0,0
1768513405378,182,0,-28,-28,-16,-16,4,-2,2,6,0,0,0,0,3811,290,3814,271,-1,0,0,0,0
1768513405479,322,-136,-82,-22,-27,-27,6,0,0,6,0,0,0,0,3814,290,3814,271,-1,0,0,0,0
1768513405579,342,-216,-103,-8,-29,-29,6,-2,2,6,0,0,0,0,3811,292,3814,271,-1,0,0,0,0
1768513405681,332,-314,-123,14,-28,-28,-8,-20,2,4,0,0,0,0,3811,292,3814,271,-1,0,0,0,0
1768513405782,314,-400,-139,36,-27,-27,-10,-22,0,6,0,0,0,0,3811,290,3814,271,-1,0,0,0,0
1768513405883,312,-478,-156,54,-27,-27,-12,-22,0,4,0,0,0,0,3811,290,3814,271,-1,0,0,0,0
1768513405983,314,-548,-171,69,-27,-27,-8,-20,0,6,0,0,0,0,3811,290,3814,271,-1,0,0,0,0
1768513406084,310,-602,-182,81,-26,-26,-6,-20,8,2,0,0,0,0,3811,290,3814,269,-1,0,0,0,0
1768513406186,306,-696,-202,103,-26,-26,0,-12,4,6,0,0,0,0,3809,290,3814,269,-1,0,0,0,0
1768513406291,308,-732,-211,110,-26,-26,-2,-16,2,4,0,0,0,0,3809,290,3814,269,-1,0,0,0,0
1768513406391,338,-748,-220,109,-29,-29,-8,-18,2,6,0,0,0,0,3809,290,3814,269,-1,0,0,0,0
1768513406489,416,-770,-239,99,-34,-34,-10,-18,2,6,0,0,0,0,3809,290,3814,269,-1,0,0,0,0
1768513406589,438,-790,-247,100,-35,-35,-8,-20,2,6,0,0,0,0,3809,290,3814,269,-1,0,0,0,0
1768513406690,510,-790,-261,86,-40,-40,-6,-18,2,6,0,0,0,0,3809,290,3814,269,-1,0,0,0,0
1768513406792,574,-800,-275,76,-43,-43,-6,-18,2,6,0,0,0,0,3809,290,3814,269,-1,0,0,0,0
1768513406893,654,-820,-296,64,-47,-47,-6,-18,4,6,0,0,0,0,3809,290,3814,269,-1,0,0,0,0
1768513407005,662,-848,-304,68,-47,-47,-4,-18,0,8,0,0,-9,-8,3809,290,3814,269,-1,0,0,0,0
1768513407096,692,-858,-312,65,-49,-49,14,0,4,4,0,0,-7,-6,3809,290,3814,269,-1,0,0,0,0
1768513407195,720,-858,-301,42,-50,-50,4,-16,4,6,0,-10,-7,0,3806,290,3814,269,-1,0,0,0,0
1768513407300,716,-864,-294,36,-50,-50,0,-22,4,10,-10,-11,-10,-10,3806,290,3814,269,-1,0,0,0,0
1768513407398,716,-864,-287,29,-50,-50,20,18,6,6,-18,-17,-18,0,3806,290,3814,269,-1,0,0,0,0
1768513407499,716,-856,-280,22,-50,-50,16,-2,4,10,-19,-20,-19,-40,3806,290,3814,269,-1,0,0,0,0
1768513407601,716,-842,-265,8,-50,-50,16,-12,6,8,-25,0,-25,-27,3806,292,3814,269,-1,0,0,0,0
1768513407703,688,-762,-240,-5,-49,-49,20,-6,20,-8,-39,-36,-31,-33,3806,292,3814,271,-1,0,0,0,0
1768513407808,654,-548,-200,-31,-47,-47,28,18,4,8,-38,-39,-36,0,3806,292,3814,272,-1,0,0,0,0
1768513407907,626,-348,-163,-56,-46,-46,16,-2,2,8,-41,-42,-40,0,3806,292,3814,272,-1,0,0,0,0
1768513408004,600,-190,-134,-75,-44,-44,12,0,14,6,-44,-47,-43,-91,3806,294,3814,272,-1,0,0,0,0
1768513408106,566,-60,-107,-89,-43,-43,-4,-16,6,8,-48,-49,-46,-48,3806,294,3814,272,-1,0,0,0,0
1768513408207,520,0,-89,-89,-40,-40,-8,-20,10,14,-51,-53,-49,-51,3806,294,3814,272,-1,0,0,0,0
1768513408314,474,0,-80,-80,-38,-38,10,2,6,8,-52,-55,-52,-54,3806,294,3814,271,-1,0,0,0,0
1768513408408,400,0,-66,-66,-33,-33,8,6,4,10,-54,-57,-54,-55,3806,294,3814,269,-1,0,0,0,0
1768513408510,328,0,-53,-53,-28,-28,8,0,8,10,-57,-58,-55,-57,3806,296,3814,269,-1,0,0,0,0
1768513408610,276,0,-44,-44,-24,-24,-12,-12,6,8,-58,-56,-56,-56,3806,296,3814,267,-1,0,0,0,0
1768513408711,222,0,-35,-35,-20,-20,4,-2,2,12,-53,-62,-56,-57,3806,296,3814,267,-1,0,0,0,0
1768513408813,88,0,-13,-13,-8,-8,4,2,10,8,-55,-57,-55,-54,3806,296,3814,267,-1,0,0,0,0
1768513408914,0,0,0,0,0,0,12,20,2,6,-56,-53,-54,-54,3806,296,3814,267,-1,0,0,0,0
1768513409015,0,0,0,0,0,0,4,0,4,6,-50,-49,-49,-50,3806,296,3814,269,-1,0,0,0,0
1768513409116,0,0,0,0,0,0,4,0,4,6,-47,-45,-45,-45,3806,294,3814,271,-1,0,0,0,0
1768513409217,0,0,0,0,0,0,-12,-22,6,6,-43,-41,-41,-39,3806,294,3814,271,-1,0,0,0,0
1768513409321,0,0,0,0,0,0,4,0,2,6,-38,-37,-37,-37,3806,294,3814,271,-1,0,0,0,0
1768513409420,0,0,0,0,0,0,16,34,12,-2,-35,-33,-33,-32,3806,294,3814,271,-1,0,0,0,0
1768513409520,126,0,-19,-19,-11,-11,2,-4,10,-2,-30,-29,-29,-28,3806,294,3814,271,-1,0,0,0,0
1768513409620,220,0,-35,-35,-19,-19,4,-2,4,6,-25,-26,-25,-25,3806,294,3814,271,-1,0,0,0,0
1768513409721,278,0,-44,-44,-24,-24,2,-2,2,6,-24,-22,-23,-19,3806,294,3814,271,-1,0,0,0,0
1768513409823,272,0,-43,-43,-24,-24,-4,-16,4,-2,-22,-20,-21,-21,3806,292,3814,271,-1,0,0,0,0
1768513409927,70,0,-10,-10,-6,-6,12,22,4,8,-20,-19,-18,-20,3806,292,3814,271,-1,0,0,0,0
1768513410025,0,0,0,0,0,0,4,2,6,6,-19,-17,-19,-19,3806,292,3814,271,-1,0,0,0,0
1768513410126,0,0,0,0,0,0,14,20,2,6,-16,-14,-15,-14,3806,292,3816,271,-1,0,0,0,0
1768513410229,0,0,0,0,0,0,4,-2,18,-10,-12,-12,-12,0,3806,292,3814,271,-1,0,0,0,0
1768513410327,164,0,-25,-25,-15,-15,16,22,0,6,-9,-10,-10,-8,3806,292,3814,271,-1,0,0,0,0
1768513410428,242,0,-38,-38,-21,-21,-14,-20,2,4,-6,0,-6,0,3809,292,3814,271,-1,0,0,0,0
1768513410531,290,0,-47,-47,-25,-25,-14,-20,2,6,-6,0,0,-5,3809,292,3814,271,-1,0,0,0,0
1768513410633,302,0,-49,-49,-26,-26,4,0,4,4,0,0,0,0,3809,292,3814,271,-1,0,0,0,0
1768513410735,306,0,-49,-49,-26,-26,4,0,6,6,0,0,0,0,3806,292,3814,271,-1,0,0,0,0
1768513410839,352,0,-57,-57,-30,-30,6,-2,4,6,0,0,0,0,3809,292,3814,271,-1,0,0,0,0
1768513410934,380,0,-63,-63,-31,-31,4,-2,2,4,0,0,-7,0,3809,292,3814,271,-1,0,0,0,0
1768513411035,412,0,-68,-68,-34,-34,-14,-18,2,6,0,0,0,0,3809,292,3814,271,-1,0,0,0,0
1768513411136,456,0,-77,-77,-36,-36,-14,-18,2,4,0,0,0,0,3809,292,3814,271,-1,0,0,0,0
1768513411236,486,0,-82,-82,-38,-38,-14,-18,4,6,0,0,0,0,3809,292,3814,269,-1,0,0,0,0
1768513411346,540,0,-93,-93,-41,-41,-10,-20,12,-4,0,0,0,-8,3809,292,3814,269,-1,0,0,0,0
1768513411441,548,0,-94,-94,-42,-42,4,0,8,-2,0,0,0,0,3809,292,3814,269,-1,0,0,0,0
1768513411540,558,0,-96,-96,-42,-42,6,0,6,-2,-6,-5,-6,0,3809,292,3814,269,-1,0,0,0,0
1768513411641,560,0,-97,-97,-42,-42,6,0,-2,6,-6,-10,0,-5,3809,292,3814,271,-1,0,0,0,0
1768513411743,556,0,-96,-96,-42,-42,2,-10,2,6,-8,-7,0,0,3809,292,3814,271,-1,0,0,0,0
1768513411845,502,0,-85,-85,-39,-39,12,22,4,8,0,-10,-10,0,3809,292,3814,271,-1,0,0,0,0
1768513411948,444,0,-74,-74,-36,-36,6,0,6,8,-14,-14,-14,-13,3809,292,3814,271,-1,0,0,0,0
1768513412054,0,0,0,0,0,0,8,0,2,8,-16,-16,-16,0,3809,292,3814,271,-1,0,0,0,0
1768513412146,-192,0,0,0,0,0,-14,-22,4,6,-17,-17,-17,-17,3809,292,3814,271,-1,0,0,0,0
1768513412251,-620,0,0,0,0,0,4,-2,2,6,-16,-13,-14,-14,3809,292,3814,271,-1,0,0,0,0
1768513412348,-744,0,0,0,0,0,-16,-18,2,6,-12,-9,-11,0,3809,292,3814,271,-1,0,0,0,0
1768513412449,-840,0,0,0,0,0,16,20,0,6,-9,-9,-8,-6,3809,292,3814,271,-1,0,0,0,0
1768513412550,-848,0,0,0,0,0,4,-2,2,4,0,0,0,0,3809,292,3814,271,-1,0,0,0,0
1768513412653,-848,0,0,0,0,0,16,22,2,4,0,0,0,0,3809,294,3814,271,-1,0,0,0,0
1768513412752,-848,0,0,0,0,0,4,-2,-2,4,0,0,0,0,3809,294,3814,272,-1,0,0,0,0
1768513412853,-848,0,0,0,0,0,14,22,0,6,0,0,0,0,3809,294,3814,272,-1,0,0,0,0
1768513412956,0,0,0,0,0,0,6,0,0,6,0,0,0,0,3809,294,3814,272,-1,0,0,0,0
1768513413055,0,0,0,0,0,0,-14,-22,2,4,0,0,0,0,3809,294,3814,272,-1,0,0,0,0
1768513413156,-86,0,0,0,0,0,4,0,0,6,0,0,0,0,3809,294,3816,272,-1,0,0,0,0
1768513413260,-502,0,0,0,0,0,16,20,2,6,0,0,0,0,3809,294,3816,272,-1,0,0,0,0
1768513413357,0,0,0,0,0,0,-14,-22,0,4,0,0,0,0,3809,294,3816,272,-1,0,0,0,0
1768513413458,-966,0,0,0,0,0,2,-2,0,6,0,0,0,0,3809,294,3816,272,-1,0,0,0,0
1768513413566,0,0,0,0,0,0,-12,-22,0,6,0,0,0,0,3809,294,3816,272,1,1,0,0,0
1768513413661,0,0,0,0,0,0,4,-2,-2,4,0,0,0,0,3811,294,3816,272,1,1,0,0,0
1768513413762,0,0,0,0,0,0,4,0,0,4,0,0,0,0,3809,294,3816,272,1,1,0,0,0
1768513413863,0,0,0,0,0,0,4,-2,-2,4,0,0,0,0,3809,294,3816,272,1,1,0,0,0
1768513413964,0,0,0,0,0,0,-12,-20,0,4,0,0,0,0,3809,294,3816,272,1,1,0,0,0
1768513414066,0,0,0,0,0,0,6,0,0,6,0,0,0,0,3809,294,3816,272,1,1,0,0,0
1768513414166,0,182,40,-40,0,0,4,0,0,4,0,0,0,0,3809,294,3816,272,1,1,0,0,0
1768513414269,0,350,77,-77,0,0,4,0,-2,4,0,0,0,0,3809,294,3816,272,1,1,0,0,0
1768513414368,94,482,118,-94,11,11,4,0,0,4,0,0,0,0,3811,294,3816,272,1,1,0,0,0
1768513414469,188,612,156,-112,24,24,16,22,0,6,0,0,0,0,3811,294,3816,272,1,1,0,0,0
1768513414572,240,680,176,-122,32,32,18,22,2,6,0,0,0,0,3811,296,3816,272,1,1,0,0,0
1768513414671,256,714,185,-128,35,35,8,2,2,6,0,0,0,0,3811,294,3816,272,1,1,0,0,0
1768513414772,292,766,199,-137,41,41,10,2,2,6,0,0,0,0,3811,294,3816,272,1,1,0,0,0
1768513414875,308,840,212,-147,44,44,8,0,2,6,5,0,0,0,3811,294,3816,272,1,1,0,0,0
1768513414975,314,856,211,-145,45,45,-8,-16,2,6,10,0,0,0,3811,294,3816,272,1,1,0,0,0
1768513415075,352,872,220,-149,52,52,2,-14,4,8,7,0,6,0,3811,294,3816,272,1,1,0,0,0
1768513415176,438,876,227,-146,69,69,-4,-18,4,8,0,0,5,6,3811,294,3816,272,1,1,0,0,0
1768513415278,458,876,221,-139,73,73,10,0,6,8,6,6,6,0,3811,294,3816,271,1,1,0,0,0
1768513415382,472,870,219,-136,76,76,-10,-16,2,6,0,7,7,0,3811,294,3816,271,1,1,0,0,0
1768513415479,474,864,224,-140,76,76,8,-2,2,8,8,7,6,7,3811,292,3816,271,1,1,0,0,0
1768513415578,488,846,210,-126,79,79,12,-2,6,2,9,10,9,10,3811,294,3816,271,1,1,0,0,0
1768513415684,542,780,192,-104,91,91,10,-2,18,8,13,12,13,0,3811,294,3816,272,1,1,0,0,0
1768513415782,550,700,176,-88,93,93,-8,-22,6,8,15,13,15,-14,3811,294,3816,272,1,1,0,0,0
1768513415883,550,640,158,-70,210,-23,-10,-22,18,10,18,17,19,33,3811,294,3816,272,1,1,0,0,0
1768513415984,550,590,144,-55,149,37,-12,-18,10,6,21,22,23,19,3811,294,3816,274,1,1,0,0,0
1768513416089,548,556,135,-47,179,6,8,-4,18,14,24,23,27,22,3811,294,3816,274,1,1,0,0,0
1768513416186,544,514,124,-36,225,-41,-12,-22,20,2,30,27,28,27,3811,294,3816,274,1,1,0,0,0
1768513416287,546,440,111,-23,206,-21,8,-4,20,6,34,31,33,31,3811,294,3816,272,1,1,0,0,0
1768513416388,546,386,103,-15,192,-7,8,-6,24,6,39,36,37,38,3811,294,3816,271,1,1,0,0,0
1768513416492,544,368,100,-12,187,-3,8,-4,20,6,42,40,41,39,3811,294,3816,271,1,1,0,0,0
1768513416590,542,370,100,-13,187,-4,-6,-24,26,10,46,43,44,42,3811,296,3816,271,1,1,0,0,0
1768513416694,542,370,100,-13,187,-4,4,-8,24,10,50,46,48,45,3811,296,3814,271,1,1,0,0,0
1768513416793,542,368,100,-12,187,-4,8,-6,28,2,53,50,52,49,3811,296,3814,272,1,1,0,0,0
1768513416895,542,368,100,-12,187,-4,6,-6,24,8,58,53,55,52,3811,298,3814,272,1,1,0,0,0
1768513416995,536,370,100,-13,186,-5,6,-6,38,2,61,57,60,55,3811,298,3814,274,1,1,0,0,0
1768513417095,534,368,100,-12,185,-5,6,-8,30,10,66,59,64,59,3811,298,3814,274,1,1,0,0,0
1768513417196,532,370,100,-13,185,-6,8,-6,22,10,68,63,68,63,3811,296,3814,274,1,1,0,0,0
1768513417297,514,368,189,75,91,-99,8,-6,32,8,67,62,86,63,3811,296,3814,274,1,1,0,0,0
1768513417398,490,364,98,-13,174,-14,-4,-24,22,6,67,62,74,62,3811,296,3814,274,1,1,0,0,0
1768513417499,474,340,94,-10,165,-11,-8,-24,22,2,70,65,68,58,3811,296,3814,274,1,1,0,0,0
1768513417600,470,254,80,2,141,9,8,-4,20,8,70,65,70,65,3811,296,3814,274,1,1,0,0,0
1768513417704,458,142,62,19,90,56,6,-4,24,10,72,67,70,67,3811,294,3814,274,1,1,0,0,0
1768513417804,406,0,38,38,62,62,6,-4,20,18,73,68,70,68,3811,294,3814,274,1,1,0,0,0
1768513417903,360,0,36,36,54,54,18,18,18,14,71,69,68,74,3811,294,3814,276,1,1,0,0,0
1768513418009,278,0,30,30,39,39,4,-2,8,14,70,73,70,70,3811,296,3814,276,1,1,0,0,0
1768513418107,0,0,0,0,0,0,4,0,10,6,66,64,66,64,3811,296,3814,276,1,1,0,0,0
1768513418208,-762,0,-190,-190,-59,-59,4,0,4,6,65,62,63,62,3811,296,3814,274,1,1,0,0,0
1768513418308,-1000,0,-254,-254,-63,-63,-20,-24,0,4,56,54,56,55,3811,296,3814,274,1,1,0,0,0
1768513418409,-1000,0,-171,-171,-56,-56,2,-2,2,4,41,42,33,38,3811,296,3814,272,1,1,0,0,0
1768513418516,-1000,0,-81,-81,-38,-38,-6,-14,2,6,22,0,20,20,3811,296,3814,272,1,1,0,0,0
1768513418611,-1000,0,0,0,0,0,6,2,4,8,0,0,0,0,3809,296,3814,274,1,1,0,0,0
1768513418715,-1000,0,0,0,0,0,4,0,4,8,0,-7,-8,0,3809,296,3814,274,1,1,0,0,0
1768513418813,-918,0,0,0,0,0,4,-2,6,-2,-8,0,0,-7,3809,296,3814,272,1,1,0,0,0
1768513418914,0,0,0,0,0,0,4,0,2,6,-6,0,0,0,3811,296,3814,272,1,1,0,0,0
1768513419015,0,0,0,0,0,0,4,-2,4,6,0,0,-6,0,3811,296,3814,272,1,1,0,0,0
1768513419119,0,0,0,0,0,0,-14,-22,4,8,0,0,0,0,3811,296,3814,272,1,1,0,0,0
1768513419220,-470,0,0,0,0,0,-14,-20,2,6,0,0,0,0,3811,296,3814,272,1,1,0,0,0
1768513419318,-574,0,0,0,0,0,6,0,4,8,0,0,0,0,3811,296,3814,272,1,1,0,0,0
1768513419426,0,0,0,0,0,0,-14,-20,2,6,0,0,0,0,3811,296,3814,272,1,1,0,0,0
1768513419520,-684,0,0,0,0,0,-16,-22,4,8,0,0,0,0,3811,296,3814,272,1,1,0,0,0
1768513419621,0,0,0,0,0,0,-14,-22,4,6,0,0,0,0,3811,296,3814,272,-1,0,0,0,0
1768513419728,0,-66,-14,14,0,0,16,18,4,6,0,0,0,0,3811,296,3814,274,-1,0,0,0,0
1768513419827,0,-208,-45,45,0,0,4,0,4,6,0,0,0,0,3811,296,3816,274,-1,0,0,0,0
1768513419925,0,-410,-90,90,0,0,4,0,4,8,0,0,0,0,3811,296,3816,274,-1,0,0,0,0
1768513420054,282,-558,-168,77,-24,-24,0,-12,2,6,0,0,0,0,3811,296,3816,274,-1,0,0,0,0
1768513420127,386,-648,-206,78,-32,-32,12,20,4,6,0,0,0,0,3811,296,3816,272,-1,0,0,0,0
1768513420227,470,-728,-239,80,-37,-37,-12,-18,4,6,0,0,0,-5,3811,296,3816,272,-1,0,0,0,0
1768513420336,472,-800,-256,95,-37,-37,-10,-16,4,6,0,0,0,0,3811,296,3816,272,-1,0,0,0,0
1768513420429,474,-846,-266,105,-38,-38,-8,-20,2,6,0,0,-11,0,3811,296,3816,272,-1,0,0,0,0
1768513420530,474,-868,-271,110,-38,-38,12,2,2,6,0,0,0,-10,3811,296,3816,272,-1,0,0,0,0
1768513420631,478,-910,-281,118,-38,-38,12,2,4,6,0,0,-8,-7,3811,296,3816,272,-1,0,0,0,0
1768513420732,526,-916,-291,111,-41,-41,12,0,4,6,0,0,0,-7,3811,296,3816,272,-1,0,0,0,0
1768513420833,548,-924,-297,108,-42,-42,12,0,2,4,0,0,0,0,3811,296,3816,274,-1,0,0,0,0
1768513420934,594,-964,-315,108,-44,-44,12,2,2,6,0,0,-6,0,3811,296,3816,274,-1,0,0,0,0
1768513421035,704,-964,-338,85,-49,-49,-8,-18,12,-4,0,0,0,0,3811,296,3816,274,-1,0,0,0,0
1768513421136,740,-956,-344,76,-51,-51,-4,-18,0,4,0,0,0,0,3809,296,3816,274,-1,0,0,0,0
1768513421240,816,-940,-356,56,-53,-53,-6,-18,2,6,0,0,0,-5,3809,296,3816,274,-1,0,0,0,0
1768513421338,844,-920,-352,40,-54,-54,-4,-20,2,6,-6,0,0,-5,3809,296,3816,274,-1,0,0,0,0
1768513421441,866,-920,-358,36,-55,-55,18,-4,4,10,0,-5,-6,-5,3809,296,3816,272,-1,0,0,0,0
1768513421540,866,-920,-329,6,-55,-55,18,-2,4,8,-16,-14,-14,0,3809,296,3814,274,-1,0,0,0,0
1768513421641,864,-920,-320,0,-55,-55,6,-24,4,10,-23,-18,-20,-21,3806,296,3814,274,-1,0,0,0,0
1768513421742,830,-900,-295,-10,-54,-54,16,-2,4,10,-29,-25,-24,-26,3809,296,3814,274,-1,0,0,0,0
1768513421844,756,-836,-265,-8,-51,-51,18,-4,8,10,-31,-31,-30,-31,3809,298,3814,276,-1,0,0,0,0
1768513421944,676,-764,-238,-2,-48,-48,22,22,10,10,-36,-37,-35,-37,3809,298,3814,276,-1,0,0,0,0
1768513422047,660,-590,-208,-26,-47,-47,2,-22,8,12,-45,-40,-37,-39,3809,298,3814,278,-1,0,0,0,0
1768513422146,634,-524,-192,-31,-46,-46,14,-4,12,6,-48,-48,-44,-48,3809,300,3814,278,-1,0,0,0,0
1768513422248,622,-442,-177,-41,-46,-46,18,-4,8,10,-50,-50,-47,-50,3806,300,3814,276,-1,0,0,0,0
1768513422353,610,-356,-161,-52,-45,-45,-8,-16,6,12,-48,-54,-49,-52,3806,300,3814,276,-1,0,0,0,0
1768513422454,384,-154,-87,-40,-32,-32,-4,-22,8,12,-54,-59,-53,-56,3806,300,3814,274,-1,0,0,0,0
1768513422551,80,0,-12,-12,-7,-7,8,2,18,2,-56,-59,-55,-58,3806,300,3814,272,-1,0,0,0,0
1768513422652,0,0,0,0,0,0,-12,-20,4,8,-55,-59,-55,-56,3806,300,3814,272,-1,0,0,0,0
1768513422755,-184,0,26,26,31,31,2,-2,2,8,-51,-54,-52,-54,3806,300,3814,274,-1,0,0,0,0
1768513422863,-364,0,38,38,63,63,14,20,2,6,-49,-49,-47,-48,3806,300,3814,274,-1,0,0,0,0
1768513422954,-372,0,38,38,62,62,4,-2,2,2,-42,-45,-41,-32,3806,300,3814,274,-1,0,0,0,0
1768513423055,-374,0,30,30,39,39,2,-2,2,6,-32,-34,-28,-32,3809,300,3814,274,-1,0,0,0,0
1768513423160,-374,0,23,23,26,26,-18,-22,0,6,-24,-22,-22,-22,3806,298,3814,274,-1,0,0,0,0
1768513423257,-380,0,0,0,0,0,-14,-22,10,-4,-16,-15,-14,-14,3809,298,3814,274,-1,0,0,0,0
1768513423359,-384,0,0,0,0,0,4,-2,20,-2,-11,-11,-8,-9,3809,298,3814,274,-1,0,0,0,0
1768513423464,-246,0,0,0,0,0,2,-2,4,0,0,0,0,0,3809,298,3814,274,-1,0,0,0,0
1768513423562,0,0,0,0,0,0,-14,-22,0,6,0,0,0,0,3809,298,3814,274,-1,0,0,0,0
1768513423661,0,0,0,0,0,0,4,0,4,6,0,0,0,0,3809,298,3814,274,-1,0,0,0,0
1768513423763,0,0,0,0,0,0,4,0,2,6,0,0,0,0,3809,298,3814,274,-1,0,0,0,0
1768513423864,0,0,0,0,0,0,2,-2,4,6,0,0,0,0,3809,298,3814,276,-1,0,0,0,0
1768513423964,0,0,0,0,0,0,-8,-18,2,6,0,0,0,0,3809,298,3814,276,-1,0,0,0,0
1768513424065,0,0,0,0,0,0,16,18,10,4,0,0,0,0,3809,298,3814,274,-1,0,0,0,0
1768513424166,0,0,0,0,0,0,2,-2,18,0,0,0,0,0,3809,298,3814,274,-1,0,0,0,0
1768513424267,-384,0,0,0,0,0,2,-4,4,8,0,0,0,0,3809,298,3814,274,-1,0,0,0,0
1768513424368,0,0,0,0,0,0,-14,-20,0,6,0,0,0,0,3809,298,3814,276,-1,0,0,0,0
1768513424469,-524,0,0,0,0,0,4,-2,2,8,0,0,0,0,3809,298,3814,276,-1,0,0,0,0
1768513424570,0,0,0,0,0,0,-14,-22,4,6,0,0,0,0,3809,298,3814,276,1,1,0,0,0
1768513424671,0,0,0,0,0,0,2,-2,8,4,0,0,0,0,3809,298,3814,276,1,1,0,0,0
1768513424772,0,0,0,0,0,0,8,4,4,6,0,0,0,0,3809,298,3814,276,1,1,0,0,0
1768513424874,0,0,0,0,0,0,4,-2,0,6,0,0,0,0,3809,298,3814,276,1,1,0,0,0
1768513424974,0,110,24,-24,0,0,0,-8,2,8,0,0,0,0,3809,298,3814,276,1,1,0,0,0
1768513425075,226,344,101,-49,30,30,-2,-12,2,6,0,0,0,0,3809,298,3814,276,1,1,0,0,0
1768513425176,532,452,143,-55,89,89,-6,-18,2,6,0,0,0,0,3809,298,3814,276,1,1,0,0,0
1768513425281,728,554,176,-67,127,127,-6,-20,0,6,0,0,0,0,3809,298,3814,276,1,1,0,0,0
1768513425379,800,632,199,-79,140,140,-6,-22,12,6,0,0,0,0,3809,298,3814,276,1,1,0,0,0
1768513425483,866,708,220,-90,151,151,-6,-22,8,10,0,0,5,0,3809,298,3814,274,1,1,0,0,0
1768513425580,898,752,210,-75,196,118,6,-6,12,22,18,8,15,11,3809,298,3814,276,1,1,0,0,0
1768513425680,958,776,250,-4,157,36,-2,-26,14,14,30,20,26,23,3809,298,3814,276,1,1,0,0,0
1768513425789,952,770,250,12,250,-150,20,14,16,12,36,30,31,28,3809,298,3814,276,1,1,0,0,0
1768513425886,906,768,237,0,250,-101,-2,-28,26,12,42,37,43,0,3809,298,3814,276,1,1,0,0,0
1768513425984,876,752,250,18,250,-141,14,-6,24,8,45,43,44,30,3809,300,3814,276,1,1,0,0,0
1768513426085,858,688,249,37,250,-107,16,-6,30,6,51,45,49,42,3806,300,3811,276,1,1,0,0,0
1768513426186,832,634,220,25,250,-79,0,-26,40,10,55,50,54,48,3806,300,3811,278,1,1,0,0,0
1768513426287,830,626,216,23,250,-75,-6,-20,40,0,62,57,61,56,3806,300,3811,278,1,1,0,0,0
1768513426388,804,624,209,17,250,-74,18,-8,48,8,70,64,68,62,3806,298,3811,278,1,1,0,0,0
1768513426490,794,588,191,10,250,-55,12,-10,46,12,73,67,72,65,3806,298,3811,276,1,1,0,0,0
1768513426592,650,532,166,2,216,-59,4,-24,48,12,83,75,80,69,3806,298,3811,276,1,1,0,0,0
1768513426697,340,342,87,-17,139,-38,18,-4,38,10,86,77,85,77,3806,298,3811,276,1,1,0,0,0
1768513426798,148,146,40,-4,37,0,-8,-24,28,8,87,78,87,76,3806,298,3811,276,1,1,0,0,0
1768513426894,132,0,16,16,16,16,8,-2,10,8,85,80,83,79,3806,298,3811,276,1,1,0,0,0
1768513426994,0,0,0,0,0,0,6,0,8,8,81,77,79,74,3806,298,3811,276,1,1,0,0,0
1768513427095,-340,0,-102,-102,-44,-44,6,0,4,8,75,72,72,70,3806,298,3811,276,1,1,0,0,0
1768513427196,-572,0,-151,-151,-54,-54,2,-2,0,6,57,69,63,59,3806,298,3811,276,1,1,0,0,0
1768513427298,-576,0,-120,-120,-48,-48,2,10,0,2,48,52,48,50,3806,298,3811,276,1,1,0,0,0
1768513427400,-596,0,-74,-74,-36,-36,-14,-22,2,4,36,40,30,37,3806,298,3811,276,1,1,0,0,0
1768513427500,-596,0,0,0,0,0,2,-2,0,6,19,18,17,20,3806,298,3811,276,1,1,0,0,0
1768513427600,-592,0,0,0,0,0,4,-4,4,4,13,10,11,14,3806,300,3811,276,1,1,0,0,0
1768513427703,-206,0,0,0,0,0,4,-2,6,2,0,0,0,0,3806,298,3811,276,1,1,0,0,0
1768513427803,0,0,0,0,0,0,-14,-22,10,-2,0,0,0,0,3806,298,3814,276,1,1,0,0,0
1768513427904,0,0,0,0,0,0,6,0,10,-2,0,0,0,0,3806,300,3814,276,1,1,0,0,0
1768513428005,0,0,0,0,0,0,-14,-20,10,-2,0,0,0,0,3806,300,3814,276,1,1,0,0,0
1768513428106,0,0,0,0,0,0,16,20,12,-2,0,0,0,0,3806,300,3814,276,1,1,0,0,0
1768513428207,0,0,0,0,0,0,4,0,12,-2,0,0,0,0,3806,300,3814,276,1,1,0,0,0
1768513428308,0,0,0,0,0,0,4,-2,10,-2,0,0,0,0,3806,300,3814,276,1,1,0,0,0
1768513428409,0,0,0,0,0,0,4,-2,10,-2,0,0,0,0,3806,300,3814,276,1,1,0,0,0
1768513428511,0,0,0,0,0,0,16,18,10,-2,0,0,0,0,3809,300,3814,276,1,1,0,0,0
1768513428611,0,0,0,0,0,0,4,-2,10,-2,0,0,0,0,3806,300,3814,276,1,1,0,0,0
1768513428713,0,0,0,0,0,0,-14,-20,12,-2,0,0,0,0,3806,300,3814,276,1,1,0,0,0
1768513428813,0,0,0,0,0,0,14,20,10,-2,0,0,0,0,3806,300,3814,276,1,1,0,0,0
1768513428915,0,0,0,0,0,0,-12,-22,10,-2,0,0,0,0,3806,300,3814,276,1,1,0,0,0
1768513429016,0,0,0,0,0,0,14,20,12,-2,0,0,0,0,3806,300,3814,276,1,1,0,0,0
1768513429117,0,0,0,0,0,0,4,-2,10,-2,0,0,0,0,3806,300,3814,276,1,1,0,0,0
1768513429221,-496,0,0,0,0,0,16,18,10,-2,0,0,0,0,3806,300,3814,276,1,1,0,0,0
1768513429320,0,0,0,0,0,0,-14,-22,10,-2,0,0,0,0,3806,300,3814,276,1,1,0,0,0
1768513429419,-464,0,0,0,0,0,4,0,12,-2,0,0,0,0,3809,300,3814,276,1,1,0,0,0
1768513429522,0,0,0,0,0,0,14,20,10,-4,0,0,0,0,3809,300,3814,276,-1,0,0,0,0
1768513429623,0,0,0,0,0,0,4,-2,10,-2,0,0,0,0,3809,300,3814,276,-1,0,0,0,0
1768513429723,0,0,0,0,0,0,16,20,10,-2,0,0,0,0,3809,300,3814,276,-1,0,0,0,0
1768513429823,140,0,-21,-21,-13,-13,-14,-20,8,-2,0,0,0,0,3809,300,3814,276,-1,0,0,0,0
1768513429924,340,132,-26,-84,-29,-29,4,0,12,-2,0,0,0,0,3809,300,3814,276,-1,0,0,0,0
1768513430029,472,190,-38,-121,-37,-37,4,0,12,-2,0,0,0,0,3809,300,3814,276,-1,0,0,0,0
1768513430126,562,204,-52,-142,-43,-43,14,20,6,8,0,0,0,0,3809,300,3814,276,-1,0,0,0,0
1768513430231,566,190,-57,-138,-43,-43,4,0,4,2,0,0,0,0,3809,300,3814,276,-1,0,0,0,0
1768513430328,578,176,-63,-137,-43,-43,-16,-16,18,2,-8,-7,0,-7,3809,300,3814,276,-1,0,0,0,0
1768513430429,590,166,-69,-136,-44,-44,4,2,2,8,-8,-9,-7,0,3809,300,3814,276,-1,0,0,0,0
1768513430530,582,158,-69,-133,-44,-44,0,-6,4,8,-8,-9,-10,0,3809,300,3811,276,-1,0,0,0,0
1768513430631,574,168,-67,-131,-43,-43,4,0,20,4,-14,0,-12,-11,3809,300,3814,276,-1,0,0,0,0
1768513430742,566,232,-55,-140,-43,-43,4,2,2,8,-16,-15,-16,-16,3809,300,3814,276,-1,0,0,0,0
1768513430833,566,280,-42,-153,-43,-43,-8,-16,6,8,0,-17,-16,0,3809,298,3814,276,-1,0,0,0,0
1768513430937,570,354,-28,-169,-43,-43,16,24,6,10,-10,-17,-16,-14,3809,298,3814,276,-1,0,0,0,0
1768513431039,640,504,-17,-208,-46,-46,4,6,4,8,-12,-15,-14,0,3809,298,3814,276,-1,0,0,0,0
1768513431138,674,600,4,-244,-48,-48,4,4,26,-6,-13,0,-13,-10,3809,300,3814,276,-1,0,0,0,0
1768513431238,740,692,-8,-259,-51,-51,0,8,2,10,-17,-15,-16,-12,3809,300,3814,276,-1,0,0,0,0
1768513431339,790,764,-15,-273,-52,-52,14,32,8,8,-29,-21,-24,0,3809,300,3814,276,-1,0,0,0,0
1768513431443,790,804,-20,-268,-52,-52,-10,-10,6,14,-31,-29,-30,-30,3809,300,3811,278,-1,0,0,0,0
1768513431541,788,806,-19,-268,-52,-52,8,34,4,12,-36,-33,-35,-31,3806,300,3811,278,-1,0,0,0,0
1768513431642,788,806,-19,-268,-52,-52,-8,-4,8,4,-39,-37,-38,-35,3806,300,3811,280,-1,0,0,0,0
1768513431742,788,802,-20,-267,-52,-52,-8,-4,4,10,-45,-41,-43,-39,3806,300,3811,280,-1,0,0,0,0
1768513431843,788,802,-20,-267,-52,-52,-14,-6,14,4,-48,-45,-46,-42,3806,302,3811,280,-1,0,0,0,0
1768513431944,774,800,-17,-264,-52,-52,0,10,24,6,-52,-48,-50,-53,3806,302,3811,278,-1,0,0,0,0
1768513432045,762,794,-16,-260,-52,-52,-14,-10,18,10,-55,-52,-55,-101,3806,302,3811,276,-1,0,0,0,0
1768513432147,756,790,-15,-258,-51,-51,2,18,8,14,-61,-54,-59,-54,3806,302,3811,274,-1,0,0,0,0
1768513432248,716,764,-11,-246,-50,-50,0,12,10,14,-64,-62,-64,-58,3806,302,3811,274,-1,0,0,0,0
1768513432349,0,676,50,-158,50,50,-14,-6,10,14,-69,-64,-66,-61,3806,302,3811,276,-1,0,0,0,0
1768513432450,0,402,50,-73,11,11,6,28,2,8,-69,-61,-67,-53,3806,302,3811,276,-1,0,0,0,0
1768513432550,-268,206,50,-13,50,50,0,4,2,4,-65,-64,-64,-58,3806,302,3811,276,-1,0,0,0,0
1768513432657,-310,140,50,6,50,50,8,22,0,4,-59,-54,-58,-54,3806,302,3811,278,-1,0,0,0,0
1768513432754,-398,68,51,30,71,71,4,2,-4,2,-53,-47,-49,-47,3806,302,3814,278,-1,0,0,0,0
1768513432855,-398,60,46,27,56,56,4,0,2,6,-42,-38,-41,-37,3806,302,3814,276,-1,0,0,0,0
1768513432954,-400,54,36,19,34,34,-14,-20,2,-4,-34,-26,-26,-21,3806,302,3814,276,-1,0,0,0,0
1768513433055,-286,0,0,0,0,0,-14,-22,0,4,-21,-15,-19,-16,3806,302,3814,276,-1,0,0,0,0
1768513433158,0,0,0,0,0,0,-4,4,4,6,-12,-10,-11,-12,3806,302,3814,278,-1,0,0,0,0
1768513433259,0,0,0,0,0,0,-12,-20,2,6,-6,-10,-11,-6,3806,302,3814,278,-1,0,0,0,0
1768513433358,0,0,0,0,0,0,4,0,2,6,5,0,0,0,3806,302,3814,278,-1,0,0,0,0
1768513433482,0,0,0,0,0,0,16,20,2,6,0,0,0,0,3806,302,3814,280,-1,0,0,0,0
1768513433561,0,0,0,0,0,0,16,22,2,6,0,0,0,0,3806,300,3814,280,-1,0,0,0,0
1768513433665,0,0,0,0,0,0,8,20,2,6,0,0,0,0,3803,300,3814,280,-1,0,0,0,0
1768513433762,0,0,0,0,0,0,0,8,4,6,0,0,0,0,3803,300,3814,280,-1,0,0,0,0
1768513433865,0,0,0,0,0,0,-10,-22,4,6,0,0,0,0,3803,300,3814,280,-1,0,0,0,0
1768513433965,0,0,0,0,0,0,-14,-22,4,6,0,0,0,0,3803,300,3814,280,-1,0,0,0,0
1768513434069,0,0,0,0,0,0,-14,-22,2,6,0,0,0,0,3803,300,3814,280,-1,0,0,0,0
1768513434167,0,0,0,0,0,0,-12,-20,4,6,0,0,0,0,3806,300,3814,280,-1,0,0,0,0
1768513434268,0,0,0,0,0,0,-14,-22,2,6,0,0,0,0,3806,300,3814,280,-1,0,0,0,0
1768513434370,0,0,0,0,0,0,4,-2,2,6,0,0,0,0,3806,300,3816,280,-1,0,0,0,0
1768513434470,0,0,0,0,0,0,4,-2,2,8,0,0,0,0,3806,300,3816,280,-1,0,0,0,0
1768513434576,0,0,0,0,0,0,2,-2,4,8,0,0,0,0,3806,300,3816,280,-1,0,0,0,0
1768513434671,154,0,-24,-24,-14,-14,4,0,2,6,0,0,0,0,3806,300,3816,280,-1,0,0,0,0
1768513434772,306,0,-49,-49,-26,-26,-14,-20,2,6,0,0,0,0,3806,300,3816,280,-1,0,0,0,0
1768513434875,466,0,-78,-78,-37,-37,4,-2,4,4,0,0,0,0,3806,300,3816,280,-1,0,0,0,0
1768513434974,466,0,-78,-78,-37,-37,0,-12,2,6,0,0,0,0,3806,302,3816,282,-1,0,0,0,0
1768513435076,460,0,-77,-77,-37,-37,-10,-22,4,6,0,0,0,0,3806,302,3816,282,-1,0,0,0,0
1768513435177,462,0,-78,-78,-37,-37,4,-2,2,6,0,-5,-6,0,3809,300,3816,282,-1,0,0,0,0
1768513435277,460,0,-77,-77,-37,-37,-12,-24,4,8,0,0,0,-5,3809,300,3816,280,-1,0,0,0,0
1768513435378,444,0,-74,-74,-36,-36,4,0,2,8,-6,-7,0,0,3809,302,3816,280,-1,0,0,0,0
1768513435480,440,98,-55,-93,-35,-35,6,2,6,8,-12,-12,-13,-10,3806,302,3816,280,-1,0,0,0,0
1768513435584,444,312,-16,-133,-36,-36,-14,-18,0,8,-18,-14,-16,-15,3806,300,3816,280,-1,0,0,0,0
1768513435683,432,394,0,-144,-35,-35,2,4,4,10,-17,-16,-16,-17,3806,300,3816,278,-1,0,0,0,0
1768513435784,260,192,-7,-76,-23,-23,12,24,4,8,-20,-18,-17,-17,3806,300,3816,278,-1,0,0,0,0
1768513435884,270,88,-27,-59,-23,-23,2,0,4,10,-20,-18,-19,-17,3806,302,3816,278,-1,0,0,0,0
1768513435985,292,126,-25,-69,-25,-25,4,0,2,8,-21,-19,-19,-17,3806,300,3816,278,-1,0,0,0,0
1768513436086,294,154,-19,-76,-25,-25,4,-2,4,8,-18,-16,-19,-17,3806,300,3816,278,-1,0,0,0,0
1768513436187,294,152,-19,-75,-25,-25,-14,-18,4,6,-17,-15,-18,0,3806,302,3816,278,-1,0,0,0,0
1768513436289,296,154,-19,-76,-25,-25,-12,-20,10,-2,-19,-15,-23,-31,3806,302,3816,278,-1,0,0,0,0
1768513436400,294,184,-10,-85,-25,-25,2,0,6,10,-15,-15,-14,-13,3806,302,3816,278,-1,0,0,0,0
1768513436490,294,310,15,-110,-25,-25,4,2,0,4,-14,-13,-14,0,3806,302,3816,278,-1,0,0,0,0
1768513436590,296,416,32,-128,-25,-25,-10,-20,2,6,-13,-11,-13,-11,3806,302,3816,278,-1,0,0,0,0
1768513436692,294,494,56,-151,-25,-25,4,0,2,6,-9,0,-10,-7,3806,302,3816,278,-1,0,0,0,0
1768513436793,296,558,74,-170,-25,-25,4,0,4,8,0,0,-6,0,3806,302,3816,278,-1,0,0,0,0
1768513436894,294,628,86,-181,-25,-25,4,2,4,6,-6,0,0,-5,3806,302,3816,278,-1,0,0,0,0
1768513436997,296,718,98,-194,-25,-25,-16,-12,2,8,-7,0,-8,0,3806,302,3816,278,-1,0,0,0,0
1768513437096,294,762,94,-190,-25,-25,-6,-12,4,6,-16,-13,-14,-11,3806,302,3816,278,-1,0,0,0,0
1768513437200,296,766,88,-184,-25,-25,-14,-16,18,-4,-18,-16,-17,-15,3806,302,3816,278,-1,0,0,0,0
1768513437298,248,590,66,-146,-22,-22,2,6,2,6,-15,-18,-17,0,3806,302,3816,278,-1,0,0,0,0
1768513437399,0,208,39,-39,0,0,-16,-16,4,6,-16,-14,-16,-30,3806,302,3816,278,-1,0,0,0,0
1768513437500,0,152,31,-31,0,0,-10,-18,2,6,-14,0,-13,-12,3806,302,3816,278,-1,0,0,0,0
1768513437600,0,158,30,-30,0,0,16,20,2,6,-13,-10,-12,0,3806,302,3816,278,-1,0,0,0,0
1768513437701,0,362,72,-72,0,0,4,0,10,-2,-9,-8,-11,-8,3806,302,3816,278,-1,0,0,0,0
1768513437803,0,628,138,-138,0,0,16,20,12,-4,-9,0,-7,0,3806,302,3816,278,-1,0,0,0,0
1768513437906,0,666,146,-146,0,0,6,-2,12,-2,0,0,6,0,3806,302,3816,280,-1,0,0,0,0
1768513438006,0,766,168,-168,0,0,6,2,12,-2,0,0,0,0,3806,302,3816,280,-1,0,0,0,0
1768513438112,0,854,187,-187,0,0,8,2,6,6,0,0,5,0,3806,302,3816,280,-1,0,0,0,0
1768513438208,0,922,202,-202,0,0,8,2,0,6,0,0,0,9,3806,302,3816,280,-1,0,0,0,0
1768513438313,0,950,209,-209,0,0,8,2,-2,4,0,0,0,9,3806,304,3814,280,-1,0,0,0,0
1768513438410,0,930,204,-204,0,0,6,2,2,8,0,0,0,0,3806,304,3814,280,-1,0,0,0,0
1768513438513,90,724,145,-173,-8,-8,8,0,10,-2,0,0,0,0,3806,304,3814,280,-1,0,0,0,0
1768513438611,74,364,68,-91,-7,-7,6,2,10,-2,0,0,0,0,3806,302,3814,280,-1,0,0,0,0
1768513438713,72,138,19,-41,-6,-6,4,0,2,6,0,0,0,0,3806,302,3816,280,-1,0,0,0,0
1768513438814,68,0,-10,-10,-6,-6,4,-2,0,6,0,0,0,0,3806,304,3814,280,-1,0,0,0,0
1768513438915,92,0,-14,-14,-8,-8,16,20,4,8,0,0,0,0,3806,304,3816,280,-1,0,0,0,0
1768513439018,92,314,54,-83,-8,-8,16,20,4,6,0,0,0,0,3806,304,3816,280,-1,0,0,0,0
1768513439117,174,556,94,-149,-16,-16,16,20,2,8,0,0,0,0,3806,304,3816,280,-1,0,0,0,0
1768513439228,342,688,95,-207,-29,-29,4,2,2,8,0,0,0,0,3806,304,3816,280,-1,0,0,0,0
1768513439322,364,716,97,-217,-30,-30,6,18,4,6,0,0,0,0,3806,304,3816,280,-1,0,0,0,0
1768513439420,498,714,72,-242,-39,-39,-14,-16,2,8,0,0,0,0,3806,304,3816,280,-1,0,0,0,0
1768513439521,578,710,55,-256,-43,-43,-4,2,4,6,0,0,0,0,3809,304,3816,280,-1,0,0,0,0
1768513439622,650,704,39,-269,-47,-47,-14,-16,6,8,0,0,0,0,3809,304,3816,280,-1,0,0,0,0
1768513439723,660,704,37,-272,-47,-47,-10,-16,4,6,0,0,0,0,3809,304,3816,280,-1,0,0,0,0
1768513439824,660,690,30,-264,-47,-47,-14,-16,0,6,-6,0,0,0,3809,304,3816,280,-1,0,0,0,0
1768513439924,660,684,29,-263,-47,-47,4,6,0,6,0,-5,0,-5,3809,304,3816,280,-1,0,0,0,0
1768513440026,660,684,33,-267,-47,-47,2,6,0,6,0,0,-6,0,3809,304,3816,280,-1,0,0,0,0
1768513440127,660,680,32,-266,-47,-47,-2,-6,0,4,0,0,-6,0,3806,304,3816,280,-1,0,0,0,0
1768513440227,662,608,16,-251,-47,-47,4,4,10,4,0,0,0,-5,3806,304,3816,280,-1,0,0,0,0
1768513440332,660,468,-16,-217,-47,-47,-14,-16,4,6,0,-5,-6,0,3806,304,3816,278,-1,0,0,0,0
1768513440430,660,406,-31,-202,-47,-47,16,28,18,4,0,-5,-6,-5,3806,304,3816,278,-1,0,0,0,0
1768513440531,660,402,-34,-200,-47,-47,4,6,6,10,-12,-10,-13,-10,3806,304,3816,278,-1,0,0,0,0
1768513440632,656,126,-93,-139,-47,-47,4,4,4,6,-18,-14,-16,0,3806,302,3816,278,-1,0,0,0,0
1768513440733,0,0,0,0,0,0,-14,-16,6,10,-22,-17,-20,-18,3806,302,3816,278,-1,0,0,0,0
1768513440834,-526,0,0,0,0,0,-12,-20,6,4,-23,-19,-21,-21,3806,302,3816,280,-1,0,0,0,0
1768513440937,-530,0,0,0,0,0,-12,-22,2,6,-19,-17,-21,-25,3806,302,3816,280,-1,0,0,0,0
1768513441041,-500,0,0,0,0,0,-14,-22,4,6,-15,0,-15,-14,3806,304,3816,280,-1,0,0,0,0
1768513441140,-490,0,0,0,0,0,-14,-22,2,6,-11,-10,-13,-12,3806,302,3816,280,-1,0,0,0,0
1768513441238,-490,0,0,0,0,0,-8,-20,4,6,-11,-10,-10,-9,3806,302,3816,280,-1,0,0,0,0
1768513441346,-358,0,0,0,0,0,-14,-22,2,6,-7,-5,0,0,3806,304,3816,280,-1,0,0,0,0
1768513441441,0,0,0,0,0,0,16,18,4,6,0,0,0,0,3806,304,3816,280,-1,0,0,0,0
1768513441546,0,0,0,0,0,0,4,12,2,6,0,0,0,0,3806,304,3816,280,-1,0,0,0,0
1768513441642,-238,0,0,0,0,0,4,0,0,6,0,0,0,0,3806,304,3816,280,-1,0,0,0,0
1768513441743,-818,0,0,0,0,0,-12,-22,20,-8,0,0,0,0,3806,304,3816,280,-1,0,0,0,0
1768513441844,0,0,0,0,0,0,4,0,16,2,0,0,0,0,3809,304,3816,280,-1,0,0,0,0
1768513441948,-708,0,0,0,0,0,2,0,2,6,0,0,0,0,3809,304,3816,280,-1,0,0,0,0
1768513442047,0,0,0,0,0,0,4,-2,4,6,0,0,0,0,3809,304,3816,280,1,1,0,0,0
1768513442147,0,-132,-29,29,0,0,4,-2,2,6,0,0,0,0,3809,304,3816,280,1,1,0,0,0
1768513442249,0,-316,-69,69,0,0,4,0,2,6,0,0,0,0,3809,304,3816,280,1,1,0,0,0
1768513442350,90,-510,-100,123,10,10,4,0,10,4,0,0,0,0,3809,304,3816,280,1,1,0,0,0
1768513442450,96,-690,-139,164,11,11,6,0,6,-2,0,0,0,0,3809,304,3816,280,1,1,0,0,0
1768513442551,96,-788,-161,185,11,11,6,2,2,6,0,0,0,0,3809,304,3816,280,1,1,0,0,0
1768513442652,96,-874,-174,198,11,11,6,2,4,6,0,6,0,0,3809,304,3816,280,1,1,0,0,0
1768513442753,224,-892,-156,208,30,30,8,6,4,6,-6,8,0,0,3806,304,3816,280,1,1,0,0,0
1768513442854,456,-884,-146,228,72,72,12,24,0,6,0,7,0,0,3806,304,3816,280,1,1,0,0,0
1768513442955,470,-884,-152,236,75,75,6,4,2,10,0,0,0,0,3809,304,3816,280,1,1,0,0,0
1768513443056,0,-884,-194,194,0,0,18,26,2,8,0,0,0,0,3809,304,3816,280,1,1,0,0,0
1768513443160,0,-882,-194,194,0,0,8,2,2,6,0,0,0,0,3809,304,3816,280,1,1,0,0,0
1768513443258,0,-898,-197,197,0,0,8,2,4,6,0,0,0,0,3809,304,3816,280,1,1,0,0,0
1768513443361,0,-888,-195,195,0,0,6,2,2,8,0,0,0,0,3809,304,3816,280,1,1,0,0,0
1768513443464,0,-752,-165,165,0,0,8,2,6,8,0,0,0,0,3809,304,3816,280,1,1,0,0,0
1768513443561,0,-658,-144,144,0,0,8,2,4,8,0,0,0,0,3809,304,3816,280,1,1,0,0,0
1768513443662,102,-868,-178,203,12,12,6,0,4,6,0,0,0,0,3809,304,3816,280,1,1,0,0,0
1768513443763,420,-958,-171,250,65,65,6,2,2,6,0,0,0,0,3809,304,3816,280,1,1,0,0,0
1768513443866,654,-968,-175,250,126,126,6,2,4,8,0,0,0,0,3809,304,3816,280,1,1,0,0,0
1768513443965,814,-964,-174,250,165,165,6,2,6,14,0,0,0,0,3809,304,3814,280,1,1,0,0,0
1768513444069,906,-956,-170,250,186,186,4,2,8,16,0,0,5,6,3809,304,3814,280,1,1,0,0,0
1768513444167,950,-956,-120,250,172,172,0,6,16,20,11,13,0,0,3809,304,3814,280,1,1,0,0,0
1768513444269,958,-956,-78,250,66,157,-4,2,16,24,22,22,18,23,3809,304,3814,284,1,1,0,0,0
1768513444369,960,-956,-48,250,-180,250,-16,-14,8,16,29,34,24,29,3809,304,3814,284,1,1,0,0,0
1768513444470,868,-946,-41,250,-241,250,-4,8,2,28,32,35,30,0,3809,304,3814,284,1,1,0,0,0
1768513444571,414,-918,-49,233,-227,250,8,28,16,26,35,39,24,40,3806,304,3814,284,1,1,0,0,0
1768513444674,536,-918,-82,175,-177,200,-24,-14,20,32,36,40,24,40,3806,304,3814,284,1,1,0,0,0
1768513444773,410,-902,-99,181,-92,209,-4,22,14,30,35,39,0,76,3806,304,3814,284,1,1,0,0,0
1768513444877,398,-846,-92,168,-92,215,-6,-6,2,24,33,36,16,36,3806,304,3814,284,1,1,0,0,0
1768513444975,398,-838,-61,196,-185,250,-2,2,0,24,30,34,28,35,3806,304,3814,282,1,1,0,0,0
1768513445078,400,-836,-61,196,-128,250,-4,2,2,34,31,29,23,0,3806,304,3814,282,1,1,0,0,0
1768513445177,402,-836,-84,176,-141,250,-20,-14,6,26,27,31,26,33,3806,304,3814,282,1,1,0,0,0
1768513445278,402,-810,-70,178,-157,250,-18,-16,2,26,26,33,27,28,3806,304,3814,282,1,1,0,0,0
1768513445386,400,-778,-81,158,-79,200,0,6,2,24,26,30,25,33,3806,304,3814,282,1,1,0,0,0
1768513445482,400,-756,-87,163,2,120,-10,2,6,28,21,25,16,27,3806,304,3814,282,1,1,0,0,0
1768513445582,0,-542,-95,95,0,0,2,4,6,6,19,21,5,0,3806,304,3814,282,1,1,0,0,0
1768513445682,0,-210,-38,38,0,0,4,2,4,10,17,15,15,0,3806,304,3814,282,1,1,0,0,0
1768513445784,0,0,0,0,0,0,4,0,0,6,12,14,12,13,3806,304,3814,282,1,1,0,0,0
1768513445884,-86,0,0,0,0,0,4,0,-2,6,8,11,7,13,3806,304,3814,282,1,1,0,0,0
1768513445984,-608,0,0,0,0,0,4,0,2,6,0,0,0,7,3806,304,3814,282,1,1,0,0,0
1768513446086,-778,0,0,0,0,0,4,-2,2,6,0,0,0,0,3806,304,3814,282,1,1,0,0,0
1768513446188,-442,0,0,0,0,0,6,-2,2,6,0,0,0,0,3806,304,3814,280,1,1,0,0,0
1768513446290,0,0,0,0,0,0,4,0,2,6,0,0,0,0,3806,304,3814,280,1,1,0,0,0
1768513446389,0,0,0,0,0,0,4,0,4,6,0,0,0,0,3809,304,3814,280,1,1,0,0,0
1768513446490,-112,0,0,0,0,0,4,0,4,6,0,0,0,0,3809,304,3814,280,1,1,0,0,0
1768513446592,-724,0,0,0,0,0,4,0,2,6,0,0,0,0,3809,304,3814,280,1,1,0,0,0
1768513446692,0,0,0,0,0,0,4,-2,2,6,0,0,0,0,3809,304,3814,280,1,1,0,0,0
1768513446793,-490,0,0,0,0,0,4,0,4,4,0,0,0,0,3809,304,3814,280,1,1,0,0,0
1768513446894,0,0,0,0,0,0,4,-2,2,6,0,0,0,0,3809,304,3814,280,-1,0,0,0,0
1768513446995,0,0,0,0,0,0,4,-2,2,6,0,0,0,0,3809,304,3814,280,-1,0,0,0,0
1768513447097,0,62,13,-13,0,0,4,0,2,6,0,0,0,0,3809,304,3814,280,-1,0,0,0,0
1768513447198,166,194,16,-68,-15,-15,4,0,2,6,0,0,0,0,3809,304,3814,280,-1,0,0,0,0
1768513447298,350,380,25,-141,-29,-29,4,-2,2,6,0,0,0,0,3809,304,3814,280,-1,0,0,0,0
1768513447403,356,564,65,-182,-30,-30,-10,-18,2,8,0,0,0,0,3809,304,3814,280,-1,0,0,0,0
1768513447500,358,744,99,-217,-30,-30,6,2,4,8,0,0,0,0,3809,304,3814,280,-1,0,0,0,0
1768513447601,346,848,121,-235,-29,-29,-14,-16,2,8,0,-9,0,-6,3809,304,3814,280,-1,0,0,0,0
1768513447707,346,912,130,-244,-29,-29,-14,-12,4,8,0,-16,-8,0,3809,304,3814,280,-1,0,0,0,0
1768513447803,342,912,124,-236,-29,-29,8,28,10,-2,0,-15,-10,-9,3809,304,3814,280,-1,0,0,0,0
1768513447904,346,678,78,-191,-29,-29,4,8,2,6,-10,-9,-10,-9,3809,306,3814,280,-1,0,0,0,0
1768513448006,360,680,74,-193,-30,-30,2,6,4,8,-11,-11,-10,-8,3809,306,3814,280,-1,0,0,0,0
1768513448107,396,756,70,-202,-33,-33,2,4,6,8,-18,0,-15,0,3809,306,3814,280,-1,0,0,0,0
1768513448209,446,828,74,-224,-36,-36,4,6,2,6,-18,-18,-18,-18,3809,306,3814,280,-1,0,0,0,0
1768513448310,442,806,69,-218,-36,-36,-8,-10,8,10,-20,-18,-18,-19,3809,306,3814,280,-1,0,0,0,0
1768513448412,442,782,64,-212,-36,-36,2,6,10,-2,-21,-17,-20,-17,3809,306,3814,280,-1,0,0,0,0
1768513448515,440,774,63,-211,-35,-35,-10,-10,4,10,-20,-18,-20,-16,3809,306,3814,280,-1,0,0,0,0
1768513448613,440,762,60,-208,-35,-35,2,6,12,-2,-22,-18,-20,-17,3809,306,3814,282,-1,0,0,0,0
1768513448717,436,758,54,-200,-35,-35,-16,-12,6,10,-23,-21,-22,-20,3809,306,3814,282,-1,0,0,0,0
1768513448815,426,754,52,-195,-35,-35,-16,-14,2,8,-25,-22,-25,0,3809,306,3814,282,-1,0,0,0,0
1768513448916,426,752,51,-194,-35,-35,-16,-16,4,10,-27,-24,-26,-23,3809,306,3814,282,-1,0,0,0,0
1768513449025,424,752,53,-195,-34,-34,-6,-8,6,10,-28,-24,-26,-23,3809,306,3811,282,-1,0,0,0,0
1768513449118,424,754,50,-193,-34,-34,-16,-14,2,6,-28,-24,-27,-23,3809,306,3811,282,-1,0,0,0,0
1768513449226,420,752,45,-186,-34,-34,2,6,4,12,-38,-25,-27,-25,3809,306,3811,284,-1,0,0,0,0
1768513449320,420,750,51,-192,-34,-34,0,8,6,8,-28,-25,-27,-25,3809,306,3811,284,-1,0,0,0,0
1768513449427,408,738,52,-188,-33,-33,2,6,6,10,-28,-24,0,0,3809,306,3811,284,-1,0,0,0,0
1768513449524,404,720,50,-185,-33,-33,2,6,4,8,-28,-24,-27,-23,3809,306,3811,284,-1,0,0,0,0
1768513449639,404,710,48,-183,-33,-33,-14,-14,6,6,-27,-24,-26,-24,3809,306,3811,284,-1,0,0,0,0
1768513449724,392,658,42,-173,-32,-32,-16,-16,2,10,-25,-23,-25,-22,3809,306,3811,284,-1,0,0,0,0
1768513449826,374,592,37,-161,-31,-31,-18,-10,4,6,-26,-23,-25,-22,3809,306,3811,284,-1,0,0,0,0
1768513449928,364,492,23,-143,-30,-30,-12,-14,6,12,-24,-22,-24,0,3809,306,3811,284,-1,0,0,0,0
1768513450027,366,468,19,-140,-31,-31,4,6,2,6,-24,-21,-23,-21,3809,306,3811,284,-1,0,0,0,0
1768513450128,366,464,19,-140,-31,-31,-14,-20,2,10,-23,-20,-22,-20,3809,306,3811,284,-1,0,0,0,0
1768513450230,366,450,17,-138,-31,-31,14,24,4,6,-23,-20,-22,-19,3809,306,3811,284,-1,0,0,0,0
1768513450332,366,430,14,-135,-31,-31,2,2,8,12,-22,-19,-21,-19,3809,306,3811,284,-1,0,0,0,0
1768513450431,366,420,12,-133,-31,-31,2,4,4,6,-22,-20,-21,-19,3809,306,3811,282,-1,0,0,0,0
1768513450532,362,370,4,-124,-30,-30,14,24,4,10,-22,-19,-22,0,3806,306,3811,282,-1,0,0,0,0
1768513450638,360,352,2,-120,-30,-30,14,28,0,8,-22,-19,-21,-25,3806,306,3811,282,-1,0,0,0,0
1768513450742,362,340,0,-119,-30,-30,2,0,4,12,-22,-19,-21,-20,3806,306,3811,282,-1,0,0,0,0
1768513450838,360,340,0,-119,-30,-30,4,4,2,8,-22,-19,-20,-20,3806,306,3811,282,-1,0,0,0,0
1768513450936,362,338,0,-118,-30,-30,-12,-18,2,10,-22,-19,-21,0,3806,306,3811,282,-1,0,0,0,0
1768513451040,362,322,-3,-116,-30,-30,-14,-16,6,6,-22,-19,-21,-18,3806,306,3811,282,-1,0,0,0,0
1768513451138,364,292,-9,-111,-30,-30,-16,-18,12,2,-22,-19,-21,-21,3809,306,3811,282,-1,0,0,0,0
1768513451241,278,206,-8,-81,-24,-24,4,4,10,-2,-22,-18,-21,-19,3806,306,3811,282,-1,0,0,0,0
1768513451340,0,174,30,-30,0,0,4,0,4,10,-21,-18,-21,-20,3806,306,3811,282,-1,0,0,0,0
1768513451446,0,80,16,-16,0,0,-12,-20,-2,4,-18,-24,-19,-16,3806,306,3811,282,-1,0,0,0,0
1768513451548,0,0,0,0,0,0,14,26,2,8,-15,-13,-16,-13,3806,306,3811,282,-1,0,0,0,0
1768513451645,0,0,0,0,0,0,14,18,2,8,-12,-10,-11,-12,3806,306,3811,282,-1,0,0,0,0
1768513451744,0,0,0,0,0,0,4,-2,2,6,-8,-7,-7,0,3806,306,3811,282,-1,0,0,0,0
1768513451845,0,0,0,0,0,0,2,-2,2,6,0,0,-7,0,3806,306,3811,282,-1,0,0,0,0
1768513451946,0,0,0,0,0,0,2,-2,2,6,0,0,0,0,3806,306,3811,282,-1,0,0,0,0
1768513452048,-728,0,0,0,0,0,2,-2,2,4,0,0,0,0,3806,308,3811,282,-1,0,0,0,0
1768513452151,0,0,0,0,0,0,4,-2,4,6,0,0,0,0,3806,308,3814,282,-1,0,0,0,0
1768513452251,-730,0,0,0,0,0,2,-2,2,4,0,0,0,0,3809,308,3814,282,-1,0,0,0,0
1768513452350,-132,0,0,0,0,0,4,-2,2,6,0,0,0,0,3806,308,3814,282,-1,0,0,0,0
1768513452451,0,0,0,0,0,0,4,-4,4,6,0,0,0,0,3806,308,3814,282,1,1,0,0,0
1768513452553,0,0,0,0,0,0,4,-2,4,6,0,0,0,0,3809,308,3814,282,1,1,0,0,0
1768513452653,0,0,0,0,0,0,4,-2,2,6,0,0,0,0,3809,308,3814,282,1,1,0,0,0
1768513452756,0,-216,-47,47,0,0,4,-2,4,6,0,0,0,0,3809,308,3814,282,1,1,0,0,0
1768513452860,0,-362,-79,79,0,0,4,-2,4,4,0,0,0,0,3809,308,3814,282,1,1,0,0,0
1768513452956,0,-514,-113,113,0,0,6,-2,2,6,0,0,0,0,3806,308,3814,282,1,1,0,0,0
1768513453057,64,-614,-126,143,7,7,-14,-18,2,6,0,0,0,0,3806,308,3814,282,1,1,0,0,0
1768513453161,72,-642,-131,150,8,8,-14,-16,2,6,0,0,0,0,3806,308,3814,282,1,1,0,0,0
1768513453263,88,-688,-140,162,10,10,-14,-20,4,6,0,0,0,0,3809,308,3814,284,1,1,0,0,0
1768513453360,132,-724,-142,175,16,16,-4,-14,4,6,0,0,0,0,3806,308,3814,284,1,1,0,0,0
1768513453461,268,-756,-136,195,37,37,8,2,2,6,0,0,0,0,3809,308,3816,284,1,1,0,0,0
1768513453562,344,-798,-140,210,51,51,6,4,4,8,0,0,0,0,3809,306,3816,282,1,1,0,0,0
1768513453666,402,-808,-133,210,62,62,6,6,2,6,0,0,0,0,3809,306,3816,282,1,1,0,0,0
1768513453764,530,-806,-126,213,88,88,6,4,6,8,0,8,6,0,3809,306,3814,282,1,1,0,0,0
1768513453866,548,-802,-120,208,92,92,-14,-18,14,6,5,9,6,0,3809,306,3814,282,1,1,0,0,0
1768513453973,546,-798,-125,213,92,92,2,2,6,8,7,8,7,0,3809,308,3814,282,1,1,0,0,0
1768513454067,546,-792,-130,218,92,92,-12,-14,4,14,8,0,0,12,3809,308,3814,282,1,1,0,0,0
1768513454168,542,-790,-104,192,91,91,0,2,16,4,12,14,14,15,3809,308,3814,282,1,1,0,0,0
1768513454269,536,-786,-99,187,49,131,0,4,8,10,16,19,16,0,3809,308,3814,284,1,1,0,0,0
1768513454370,526,-780,-93,180,0,175,0,4,8,18,18,21,20,27,3809,308,3814,284,1,1,0,0,0
1768513454471,522,-774,-75,162,-19,196,-20,-14,6,20,22,24,21,25,3809,308,3814,284,1,1,0,0,0
1768513454572,506,-762,-76,161,58,114,2,6,6,16,30,28,24,31,3809,308,3814,284,1,1,0,0,0
1768513454674,490,-694,-53,159,-110,250,0,2,2,12,29,32,28,31,3809,308,3814,284,1,1,0,0,0
1768513454774,486,-664,-58,146,-95,250,-2,0,2,30,31,34,30,51,3809,308,3814,284,1,1,0,0,0
1768513454875,484,-652,-58,142,-40,199,-2,2,2,32,34,38,33,38,3809,308,3814,284,1,1,0,0,0
1768513454976,484,-556,-43,127,-25,181,-20,-16,2,30,36,40,35,40,3809,308,3814,284,1,1,0,0,0
1768513455077,476,-286,-2,85,2,151,-22,-18,0,24,38,41,37,41,3806,308,3814,282,1,1,0,0,0
1768513455179,454,0,40,40,72,72,-14,-20,2,16,40,43,39,42,3806,308,3814,282,1,1,0,0,0
1768513455280,422,0,39,39,66,66,4,0,6,14,41,43,40,42,3806,308,3814,284,1,1,0,0,0
1768513455380,408,166,64,13,88,38,4,-4,8,10,43,43,40,87,3806,308,3814,284,1,1,0,0,0
1768513455482,408,330,89,-12,149,-22,-12,-18,8,12,45,43,42,45,3806,308,3814,284,1,1,0,0,0
1768513455582,404,404,100,-23,167,-42,-8,-22,20,0,49,43,44,45,3806,308,3814,282,1,1,0,0,0
1768513455683,404,452,108,-31,179,-55,8,-4,18,10,51,44,47,47,3806,310,3814,282,1,1,0,0,0
1768513455784,398,490,113,-37,188,-66,6,-6,26,10,53,47,50,0,3806,310,3814,282,1,1,0,0,0
1768513455888,394,438,105,-29,174,-53,-4,-22,20,8,54,50,52,29,3806,310,3814,282,1,1,0,0,0
1768513455986,388,0,37,37,59,59,8,-6,16,0,53,51,52,51,3806,312,3811,282,1,1,0,0,0
1768513456088,230,0,26,26,31,31,8,-4,10,8,54,52,52,52,3806,312,3811,282,1,1,0,0,0
1768513456188,212,-454,-45,94,-89,146,-14,-16,8,10,52,51,51,51,3806,312,3811,282,1,1,0,0,0
1768513456290,82,-824,-116,137,-204,224,0,0,6,28,49,51,49,60,3806,312,3811,282,1,1,0,0,0
1768513456393,-494,314,-101,-25,-109,59,-18,-18,2,30,44,53,46,58,3806,310,3811,282,1,1,0,0,0
1768513456492,-636,0,-116,-116,-47,-47,-16,-18,0,10,39,52,31,0,3806,310,3811,282,1,1,0,0,0
1768513456593,-660,0,-77,-77,-37,-37,4,-2,2,6,33,36,33,33,3806,310,3811,282,1,1,0,0,0
1768513456693,-660,0,-51,-51,-27,-27,-12,-22,2,4,20,22,21,21,3806,310,3811,282,1,1,0,0,0
1768513456795,-660,0,0,0,0,0,4,-2,2,6,10,11,12,16,3806,310,3811,284,1,1,0,0,0
1768513456896,-660,0,0,0,0,0,-12,-22,4,6,10,0,0,10,3806,310,3811,284,1,1,0,0,0
1768513456998,-660,0,0,0,0,0,-14,-22,2,4,0,0,0,0,3806,310,3811,284,1,1,0,0,0
1768513457098,-660,0,0,0,0,0,-14,-22,0,6,0,0,0,0,3806,310,3811,284,1,1,0,0,0
1768513457199,-660,0,0,0,0,0,-12,-22,16,2,0,0,0,0,3806,310,3811,284,1,1,0,0,0
1768513457302,-660,0,0,0,0,0,-12,-20,2,6,0,0,0,0,3809,308,3811,284,1,1,0,0,0
1768513457400,-660,0,0,0,0,0,-14,-22,2,6,0,0,0,0,3809,308,3811,284,1,1,0,0,0
1768513457502,-658,0,0,0,0,0,-12,-22,2,6,0,0,0,0,3809,308,3811,284,1,1,0,0,0
1768513457603,-654,0,0,0,0,0,-14,-20,2,6,0,0,0,0,3806,308,3811,284,1,1,0,0,0
1768513457704,-658,0,0,0,0,0,-12,-20,2,8,0,0,0,0,3809,308,3811,284,1,1,0,0,0
1768513457805,-658,0,0,0,0,0,-14,-22,4,6,0,0,0,0,3809,308,3811,284,1,1,0,0,0
1768513457906,-196,0,0,0,0,0,-14,-22,4,6,0,0,0,0,3809,308,3811,284,1,1,0,0,0
1768513458007,0,0,0,0,0,0,-14,-20,10,-2,0,0,0,0,3809,308,3811,284,1,1,0,0,0
1768513458108,0,0,0,0,0,0,-14,-20,18,-8,0,0,0,0,3809,308,3814,284,1,1,0,0,0
1768513458209,0,0,0,0,0,0,-12,-20,2,6,0,0,0,0,3809,308,3814,284,1,1,0,0,0
1768513458310,0,0,0,0,0,0,-12,-22,2,6,0,0,0,0,3809,308,3811,284,1,1,0,0,0
1768513458411,0,0,0,0,0,0,-12,-20,10,-2,0,0,0,0,3809,308,3811,284,1,1,0,0,0
1768513458513,0,0,0,0,0,0,-12,-20,10,4,0,0,0,0,3809,308,3811,284,1,1,0,0,0
1768513458613,0,0,0,0,0,0,-12,-22,4,6,0,0,0,0,3809,308,3811,284,1,1,0,0,0
1768513458714,0,0,0,0,0,0,-14,-22,8,-2,0,0,0,0,3809,308,3811,284,1,1,0,0,0
1768513458817,0,0,0,0,0,0,-14,-22,4,6,0,0,0,0,3809,308,3811,284,1,1,0,0,0
1768513458918,0,0,0,0,0,0,-12,-20,4,6,0,0,0,0,3809,308,3811,284,1,1,0,0,0
1768513459017,0,0,0,0,0,0,-12,-20,16,2,0,0,0,0,3809,308,3811,284,1,1,0,0,0
1768513459119,0,0,0,0,0,0,-14,-20,0,6,0,0,0,0,3809,308,3811,284,1,1,0,0,0
1768513459220,0,0,0,0,0,0,-12,-20,14,2,0,0,0,0,3809,308,3811,284,1,1,0,0,0
1768513459323,0,0,0,0,0,0,-12,-20,10,4,0,0,0,0,3809,308,3811,284,1,1,0,0,0
1768513459421,0,0,0,0,0,0,-14,-22,2,8,0,0,0,0,3809,308,3811,284,1,1,0,0,0
1768513459523,0,0,0,0,0,0,-14,-20,4,6,0,0,0,0,3809,308,3814,284,1,1,0,0,0
1768513459627,0,0,0,0,0,0,-12,-20,18,0,0,0,0,0,3809,308,3814,284,1,1,0,0,0
1768513459724,0,0,0,0,0,0,-12,-22,2,6,0,0,0,0,3811,308,3814,284,1,1,0,0,0
1768513459826,0,0,0,0,0,0,-14,-22,2,6,0,0,0,0,3809,308,3814,284,1,1,0,0,0
1768513459927,0,0,0,0,0,0,-12,-22,0,4,0,0,0,0,3809,308,3814,284,1,1,0,0,0
1768513460028,0,0,0,0,0,0,-12,-20,12,4,0,0,0,0,3809,308,3814,284,1,1,0,0,0
1768513460131,0,0,0,0,0,0,-14,-22,2,6,0,0,0,0,3809,308,3814,284,1,1,0,0,0
1768513460229,0,0,0,0,0,0,-14,-20,2,6,0,0,0,0,3809,308,3811,284,1,1,0,0,0
1768513460333,0,0,0,0,0,0,-12,-20,0,6,0,0,0,0,3809,308,3814,284,1,1,0,0,0
1768513460437,0,0,0,0,0,0,-12,-22,0,6,0,0,0,0,3809,308,3814,284,1,1,0,0,0
1768513460534,0,0,0,0,0,0,-14,-22,10,0,0,0,0,0,3809,308,3814,284,1,1,0,0,0
1768513460634,0,0,0,0,0,0,-14,-22,2,6,0,0,0,0,3809,308,3814,284,1,1,0,0,0
1768513460734,0,0,0,0,0,0,-12,-22,2,6,0,0,0,0,3809,308,3814,284,1,1,0,0,0
1768513460836,0,0,0,0,0,0,-12,-22,0,4,0,0,0,0,3811,308,3814,284,1,1,0,0,0
1768513460937,0,0,0,0,0,0,-12,-20,2,6,0,0,0,0,3809,308,3814,284,1,1,0,0,0
1768513461044,0,0,0,0,0,0,-10,-20,6,6,0,0,0,0,3809,308,3814,284,1,1,0,0,0
1768513461139,0,0,0,0,0,0,-12,-20,4,6,0,0,0,0,3809,308,3814,284,1,1,0,0,0
1768513461239,0,0,0,0,0,0,-12,-20,0,6,0,0,0,0,3809,308,3814,284,1,1,0,0,0
1768513461340,0,0,0,0,0,0,-12,-20,2,6,0,0,0,0,3809,308,3814,284,1,1,0,0,0
1768513461442,0,0,0,0,0,0,-12,-20,2,6,0,0,0,0,3809,308,3814,284,1,1,0,0,0
1768513461542,0,0,0,0,0,0,-12,-20,4,6,0,0,0,0,3809,308,3814,284,1,1,0,0,0
1768513461651,0,0,0,0,0,0,-10,-20,8,-2,0,0,0,0,3811,308,3814,284,1,1,0,0,0
1768513461745,0,0,0,0,0,0,-14,-22,2,6,0,0,0,0,3811,308,3814,284,1,1,0,0,0
1768513461845,0,0,0,0,0,0,-14,-22,0,6,0,0,0,0,3811,308,3814,284,1,1,0,0,0
1768513461948,0,0,0,0,0,0,-10,-18,2,6,0,0,0,0,3811,308,3814,284,1,1,0,0,0
1768513462052,0,0,0,0,0,0,-12,-22,0,6,0,0,0,0,3811,308,3814,284,1,1,0,0,0
1768513462149,0,0,0,0,0,0,-12,-22,2,6,0,0,0,0,3811,308,3811,284,1,1,0,0,0
1768513462249,0,0,0,0,0,0,-10,-20,4,6,0,0,0,0,3811,308,3814,284,1,1,0,0,0
1768513462351,0,0,0,0,0,0,-12,-20,0,6,0,0,0,0,3811,308,3814,284,1,1,0,0,0
1768513462452,0,0,0,0,0,0,-12,-20,8,4,0,0,0,0,3811,308,3814,284,1,1,0,0,0
1768513462553,0,0,0,0,0,0,-10,-20,2,6,0,0,0,0,3811,308,3814,284,1,1,0,0,0
1768513462654,0,0,0,0,0,0,-12,-22,4,6,0,0,0,0,3811,308,3814,284,1,1,0,0,0
1768513462755,0,0,0,0,0,0,-12,-22,8,-2,0,0,0,0,3811,308,3814,284,1,1,0,0,0
1768513462856,0,0,0,0,0,0,-12,-22,2,4,0,0,0,0,3811,308,3814,284,1,1,0,0,0
1768513462957,0,0,0,0,0,0,-10,-22,12,-4,0,0,0,0,3811,308,3814,284,1,1,0,0,0
1768513463057,0,0,0,0,0,0,-12,-22,4,6,0,0,0,0,3811,308,3814,284,1,1,0,0,0
1768513463159,0,0,0,0,0,0,-14,-22,2,6,0,0,0,0,3811,308,3814,284,1,1,0,0,0
1768513463260,0,0,0,0,0,0,-12,-20,4,6,0,0,0,0,3811,308,3814,284,1,1,0,0,0
1768513463361,-484,0,0,0,0,0,-12,-22,2,6,0,0,0,0,3811,308,3814,284,1,1,0,0,0
1768513463462,-718,0,0,0,0,0,-12,-22,4,6,0,0,0,0,3811,308,3814,284,1,1,0,0,0
1768513463563,0,0,0,0,0,0,-12,-22,4,6,0,0,0,0,3811,308,3814,284,1,1,0,0,0
1768513463663,-70,0,0,0,0,0,-12,-22,2,6,0,0,0,0,3811,308,3814,286,1,1,0,0,0
1768513463765,0,0,0,0,0,0,-12,-22,2,6,0,0,0,0,3811,308,3814,284,-1,0,0,0,0
1768513463866,0,0,0,0,0,0,-14,-20,12,4,0,0,0,0,3811,308,3814,284,-1,0,0,0,0
1768513463977,0,0,0,0,0,0,-12,-22,10,4,0,0,0,0,3811,308,3814,284,-1,0,0,0,0
1768513464068,0,0,0,0,0,0,-10,-20,0,6,0,0,0,0,3811,308,3814,284,-1,0,0,0,0
1768513464169,0,0,0,0,0,0,-12,-20,10,-2,0,0,0,0,3811,308,3814,284,-1,0,0,0,0
1768513464270,74,0,-11,-11,-7,-7,-12,-22,-2,4,0,0,0,0,3811,308,3814,284,-1,0,0,0,0
1768513464375,158,0,-24,-24,-14,-14,-10,-20,10,4,0,0,0,0,3811,308,3814,286,-1,0,0,0,0
1768513464472,300,230,1,-99,-26,-26,-14,-20,2,6,0,0,0,0,3811,308,3814,286,-1,0,0,0,0
1768513464574,420,326,1,-142,-34,-34,-14,-20,4,6,0,0,0,0,3811,310,3814,286,-1,0,0,0,0
1768513464674,450,354,1,-153,-36,-36,4,2,4,6,0,0,0,0,3811,310,3814,286,-1,0,0,0,0
1768513464775,452,408,13,-166,-36,-36,4,2,2,8,0,0,0,0,3811,310,3814,286,-1,0,0,0,0
1768513464877,456,462,22,-176,-36,-36,4,2,2,8,0,0,0,0,3811,310,3814,286,-1,0,0,0,0
1768513464979,456,458,19,-173,-36,-36,14,24,4,6,0,-8,-6,0,3811,310,3814,286,-1,0,0,0,0
1768513465080,458,452,14,-168,-37,-37,16,22,4,6,-6,-8,-7,-6,3811,310,3814,286,-1,0,0,0,0
1768513465182,454,366,-3,-150,-36,-36,14,24,2,4,-8,-7,-9,0,3811,310,3814,284,-1,0,0,0,0
1768513465280,452,300,-17,-135,-36,-36,16,24,4,10,-11,-10,-10,-9,3811,310,3814,284,-1,0,0,0,0
1768513465381,454,274,-23,-129,-36,-36,4,4,2,6,-13,-12,-12,0,3811,310,3814,284,-1,0,0,0,0
1768513465482,452,278,-19,-133,-36,-36,14,22,10,0,-14,0,-12,-12,3811,312,3814,284,-1,0,0,0,0
1768513465583,448,276,-23,-127,-36,-36,4,4,4,0,-15,-14,-14,-13,3809,312,3814,284,-1,0,0,0,0
1768513465686,450,210,-37,-114,-36,-36,4,2,12,-2,-18,-20,-17,-15,3809,312,3814,284,-1,0,0,0,0
1768513465786,444,122,-52,-97,-36,-36,2,0,4,8,-18,-16,-17,-16,3809,310,3814,284,-1,0,0,0,0
1768513465888,402,0,-67,-67,-33,-33,-14,-14,4,10,-19,-17,-18,0,3809,310,3814,284,-1,0,0,0,0
1768513465987,324,0,-52,-52,-28,-28,18,20,6,8,-21,-18,-21,-17,3809,310,3814,286,-1,0,0,0,0
1768513466088,294,-122,-68,-26,-25,-25,6,0,2,10,0,-20,-21,0,3809,310,3814,286,-1,0,0,0,0
1768513466190,296,-192,-81,-14,-25,-25,6,0,2,8,-30,-20,-22,-27,3809,310,3814,286,-1,0,0,0,0
1768513466290,294,-244,-90,-5,-25,-25,18,18,10,-2,-22,-20,-21,-20,3809,310,3814,286,-1,0,0,0,0
1768513466391,300,-302,-101,3,-26,-26,8,0,2,6,-23,-19,-21,-20,3809,310,3814,286,-1,0,0,0,0
1768513466492,300,-336,-107,10,-26,-26,18,18,2,10,-22,-19,-21,0,3809,310,3814,286,-1,0,0,0,0
1768513466594,300,-390,-116,19,-26,-26,8,0,12,-2,-22,-19,-21,-20,3809,310,3814,286,-1,0,0,0,0
1768513466693,300,-402,-118,21,-26,-26,8,-2,4,8,-23,-19,-21,0,3809,310,3814,286,-1,0,0,0,0
1768513466795,304,-384,-115,16,-26,-26,10,0,10,-2,-23,-19,-21,-20,3809,310,3814,286,-1,0,0,0,0
1768513466896,300,-368,-112,15,-26,-26,-14,-20,4,8,-23,-19,-21,0,3809,310,3814,286,-1,0,0,0,0
1768513466998,298,-344,-108,11,-26,-26,18,18,2,8,-23,-20,-21,-20,3809,310,3814,286,-1,0,0,0,0
1768513467101,302,-324,-105,7,-26,-26,8,-2,6,6,-22,-20,-21,-20,3809,310,3814,286,-1,0,0,0,0
1768513467198,302,-344,-109,11,-26,-26,18,20,0,6,0,-20,-21,-18,3809,310,3814,286,-1,0,0,0,0
1768513467299,302,-360,-111,13,-26,-26,20,20,2,6,-21,-20,-21,-19,3809,310,3814,286,-1,0,0,0,0
1768513467402,302,-352,-110,12,-26,-26,16,18,2,8,-22,-20,-21,-20,3809,310,3814,286,-1,0,0,0,0
1768513467503,302,-334,-107,8,-26,-26,8,-4,4,8,-22,-20,-21,-20,3809,310,3814,286,-1,0,0,0,0
1768513467606,300,-336,-107,10,-26,-26,-14,-18,2,8,-21,-20,-21,-20,3809,310,3814,286,-1,0,0,0,0
1768513467712,298,-358,-111,14,-26,-26,8,-2,2,6,-21,-19,-20,-19,3809,310,3814,286,-1,0,0,0,0
1768513467811,298,-390,-117,20,-26,-26,6,0,6,8,-21,-19,-20,-19,3809,310,3814,286,-1,0,0,0,0
1768513467906,302,-450,-128,30,-26,-26,8,-2,6,6,-21,-19,-21,-18,3809,310,3814,286,-1,0,0,0,0
1768513468008,294,-470,-131,36,-25,-25,8,-2,10,-2,-20,-18,-19,-17,3809,310,3814,286,-1,0,0,0,0
1768513468112,300,-454,-130,32,-26,-26,-4,-22,12,6,-19,-18,-19,0,3809,310,3814,286,-1,0,0,0,0
1768513468210,302,-392,-119,21,-26,-26,8,-2,2,6,-19,-17,-19,-19,3809,310,3814,286,-1,0,0,0,0
1768513468312,296,-340,-109,13,-25,-25,-8,-22,2,10,-18,-17,-18,0,3809,310,3814,286,-1,0,0,0,0
1768513468412,298,-300,-102,5,-26,-26,8,-2,6,6,-19,-17,-18,-18,3809,310,3814,286,-1,0,0,0,0
1768513468513,320,-264,-99,-4,-27,-27,-4,-20,10,0,-19,-17,-18,-18,3809,310,3814,286,-1,0,0,0,0
1768513468617,324,-250,-97,-8,-28,-28,-12,-20,4,6,-19,-18,-19,-16,3809,310,3814,286,-1,0,0,0,0
1768513468715,334,-232,-96,-13,-28,-28,-12,-20,2,8,-19,-18,-18,-17,3809,310,3814,286,-1,0,0,0,0
1768513468816,328,-194,-88,-18,-28,-28,18,20,4,6,-19,-18,-18,-18,3809,310,3814,286,-1,0,0,0,0
1768513468920,328,-178,-85,-21,-28,-28,8,0,4,10,-19,-18,-19,0,3809,310,3814,286,-1,0,0,0,0
1768513469017,330,-170,-84,-23,-28,-28,-10,-22,6,8,-19,-18,-19,-19,3809,310,3814,286,-1,0,0,0,0
1768513469123,328,-166,-83,-23,-28,-28,6,2,4,8,-20,-18,-19,-18,3809,310,3814,286,-1,0,0,0,0
1768513469220,342,-156,-83,-28,-29,-29,-10,-22,6,8,-20,-18,-19,-19,3809,310,3814,286,-1,0,0,0,0
1768513469321,394,-142,-90,-40,-32,-32,-6,-16,2,8,-20,-19,-20,-18,3809,310,3814,286,-1,0,0,0,0
1768513469422,394,-106,-84,-46,-32,-32,18,18,12,4,-20,-19,-20,-19,3809,310,3814,286,-1,0,0,0,0
1768513469523,394,-84,-80,-50,-32,-32,-12,-20,2,10,-21,-20,-21,-20,3806,310,3814,286,-1,0,0,0,0
1768513469626,390,-54,-74,-55,-32,-32,6,-2,6,6,-22,-21,-22,-21,3809,310,3814,286,-1,0,0,0,0
1768513469725,304,0,-49,-49,-26,-26,6,0,0,10,-23,-22,-22,-24,3809,310,3814,286,-1,0,0,0,0
1768513469827,288,0,-46,-46,-25,-25,6,0,6,6,-23,-22,-23,-23,3806,310,3814,286,-1,0,0,0,0
1768513469929,170,0,-26,-26,-15,-15,18,24,2,10,-23,-22,-22,0,3806,310,3814,286,-1,0,0,0,0
1768513470028,98,0,-15,-15,-9,-9,16,20,4,6,-23,-21,-22,-20,3806,310,3814,288,-1,0,0,0,0
1768513470131,0,0,0,0,0,0,6,0,2,8,-21,-20,-21,0,3806,312,3814,288,-1,0,0,0,0
1768513470233,0,0,0,0,0,0,4,0,2,6,-17,-16,-19,-35,3806,312,3814,286,-1,0,0,0,0
1768513470331,0,0,0,0,0,0,6,0,2,6,-13,-14,-14,-12,3806,312,3814,286,-1,0,0,0,0
1768513470434,0,0,0,0,0,0,16,20,2,6,-11,0,-9,-11,3806,312,3814,286,-1,0,0,0,0
1768513470533,0,0,0,0,0,0,6,-2,2,6,-9,0,-9,-8,3806,312,3814,286,-1,0,0,0,0
1768513470635,0,0,0,0,0,0,4,-2,2,6,0,-5,0,0,3806,312,3814,286,-1,0,0,0,0
1768513470735,0,0,0,0,0,0,4,0,2,6,0,0,0,0,3806,312,3814,286,-1,0,0,0,0
1768513470835,0,0,0,0,0,0,4,0,-2,4,0,0,0,0,3806,312,3814,286,-1,0,0,0,0
1768513470937,0,0,0,0,0,0,4,0,0,6,0,0,0,0,3806,312,3814,286,-1,0,0,0,0
1768513471039,0,0,0,0,0,0,4,-2,2,6,0,0,0,0,3806,312,3814,286,-1,0,0,0,0
1768513471142,0,0,0,0,0,0,4,-2,2,6,0,0,0,0,3806,312,3814,286,-1,0,0,0,0
1768513471240,0,0,0,0,0,0,4,0,2,6,0,0,0,0,3806,312,3814,286,-1,0,0,0,0
1768513471344,-216,0,0,0,0,0,4,0,2,6,0,0,0,0,3809,310,3814,286,-1,0,0,0,0
1768513471442,-564,0,0,0,0,0,4,0,2,6,0,0,0,0,3809,312,3814,286,-1,0,0,0,0
1768513471543,0,0,0,0,0,0,4,-2,0,6,0,0,0,0,3809,312,3814,286,-1,0,0,0,0
1768513471644,-544,0,0,0,0,0,4,0,2,6,0,0,0,0,3809,312,3814,286,-1,0,0,0,0
1768513471747,0,0,0,0,0,0,4,0,2,6,0,0,0,0,3809,310,3814,286,1,1,0,0,0
1768513471856,0,0,0,0,0,0,4,0,2,6,0,0,0,0,3809,310,3814,286,1,1,0,0,0
1768513471956,0,0,0,0,0,0,4,0,2,4,0,0,0,0,3809,310,3814,286,1,1,0,0,0
1768513472049,0,0,0,0,0,0,4,-2,0,6,0,0,0,0,3809,312,3814,288,1,1,0,0,0
1768513472150,0,0,0,0,0,0,4,-2,2,6,0,0,0,0,3809,312,3814,286,1,1,0,0,0
1768513472254,0,0,0,0,0,0,4,-2,0,4,0,0,0,0,3809,312,3814,288,1,1,0,0,0
1768513472354,0,0,0,0,0,0,4,0,2,6,0,0,0,0,3809,312,3814,286,1,1,0,0,0
1768513472452,0,0,0,0,0,0,4,-2,2,6,0,0,0,0,3809,312,3814,286,1,1,0,0,0
1768513472554,0,0,0,0,0,0,4,-2,2,6,0,0,0,0,3811,312,3814,286,1,1,0,0,0
1768513472654,0,0,0,0,0,0,2,-2,0,6,0,0,0,0,3811,312,3814,286,1,1,0,0,0
1768513472755,90,0,11,11,10,10,4,-2,2,6,0,0,0,0,3811,312,3814,286,1,1,0,0,0
1768513472856,228,0,25,25,31,31,4,0,2,6,0,0,0,0,3811,312,3814,286,1,1,0,0,0
1768513472957,414,0,39,39,64,64,4,0,0,6,0,0,0,0,3811,312,3814,288,1,1,0,0,0
1768513473060,560,0,44,44,95,95,4,0,0,8,0,0,0,0,3811,312,3814,288,1,1,0,0,0
1768513473164,556,0,44,44,94,94,4,0,2,8,0,0,0,0,3811,312,3814,288,1,1,0,0,0
1768513473260,556,68,58,30,94,94,16,20,10,8,0,6,5,0,3811,312,3814,288,1,1,0,0,0
1768513473362,558,94,63,25,95,95,14,20,8,10,9,0,8,8,3811,312,3814,286,1,1,0,0,0
1768513473464,560,102,63,25,95,95,4,-4,10,10,14,13,12,0,3811,312,3814,288,1,1,0,0,0
1768513473565,560,122,65,22,105,85,4,-2,6,12,16,19,17,34,3811,312,3814,288,1,1,0,0,0
1768513473664,558,132,66,21,101,89,-14,-22,10,10,19,22,19,0,3811,312,3814,290,1,1,0,0,0
1768513473765,560,196,76,11,122,68,2,-2,10,12,27,26,23,25,3811,312,3814,290,1,1,0,0,0
1768513473869,558,272,86,2,163,26,-14,-22,8,14,29,29,31,32,3811,312,3814,292,1,1,0,0,0
1768513473969,560,284,88,0,169,21,6,-2,12,10,34,33,33,32,3811,312,3814,290,1,1,0,0,0
1768513474070,560,272,86,2,166,24,-8,-24,22,2,38,37,36,36,3811,312,3814,288,1,1,0,0,0
1768513474169,560,170,70,18,122,69,-10,-24,22,10,41,40,40,40,3811,314,3814,288,1,1,0,0,0
1768513474274,560,0,44,44,95,95,-14,-20,20,8,44,43,43,44,3811,314,3814,286,1,1,0,0,0
1768513474371,560,0,44,44,95,95,2,0,8,18,48,47,47,47,3809,314,3814,284,1,1,0,0,0
1768513474473,560,0,44,44,95,95,-14,-24,12,12,51,51,49,49,3811,314,3814,284,1,1,0,0,0
1768513474573,554,0,44,44,94,94,14,16,16,18,55,54,53,53,3811,315,3814,284,1,1,0,0,0
1768513474674,542,0,43,43,91,91,14,20,12,20,57,57,56,56,3809,315,3814,284,1,1,0,0,0
1768513474778,386,0,37,37,58,58,16,16,14,18,63,61,59,61,3809,315,3814,284,1,1,0,0,0
1768513474876,192,0,22,22,25,25,4,0,10,8,64,63,62,62,3809,315,3814,286,1,1,0,0,0
1768513474978,0,0,0,0,0,0,-10,-22,12,2,64,62,61,62,3809,315,3811,286,1,1,0,0,0
1768513475081,0,0,0,0,0,0,4,0,4,10,61,60,58,59,3809,315,3811,284,1,1,0,0,0
1768513475179,0,0,0,0,0,0,6,0,6,8,55,55,54,54,3809,315,3811,286,1,1,0,0,0
1768513475280,0,0,0,0,0,0,4,0,2,6,50,50,49,49,3809,315,3811,286,1,1,0,0,0
1768513475382,0,0,0,0,0,0,4,-2,2,6,45,45,44,44,3809,315,3814,288,1,1,0,0,0
1768513475482,0,0,0,0,0,0,4,0,4,8,41,41,41,41,3809,315,3814,288,1,1,0,0,0
1768513475583,0,0,0,0,0,0,4,0,4,6,36,37,36,37,3809,315,3814,290,1,1,0,0,0
1768513475688,-96,0,-10,-10,-6,-6,12,22,2,8,32,33,31,33,3809,315,3814,290,1,1,0,0,0
1768513475785,-418,0,-41,-41,-23,-23,4,-2,2,6,27,24,23,27,3809,315,3814,290,1,1,0,0,0
1768513475886,-540,0,0,0,0,0,4,0,2,4,19,18,19,22,3806,315,3814,290,1,1,0,0,0
1768513475987,-544,0,0,0,0,0,4,0,4,6,13,11,13,12,3806,315,3814,290,1,1,0,0,0
1768513476088,-570,0,0,0,0,0,4,-2,0,6,8,11,9,12,3806,314,3814,288,1,1,0,0,0
1768513476189,-572,0,0,0,0,0,4,-2,0,6,0,0,0,0,3806,314,3814,288,1,1,0,0,0
1768513476291,-572,0,0,0,0,0,4,-2,2,6,0,0,0,0,3809,314,3814,290,1,1,0,0,0
1768513476391,-572,0,0,0,0,0,4,-2,2,6,0,0,0,0,3806,314,3814,290,1,1,0,0,0
1768513476492,-568,0,0,0,0,0,4,-2,0,4,0,0,0,0,3806,314,3814,290,1,1,0,0,0
1768513476593,-152,0,0,0,0,0,4,-2,14,-8,0,0,0,0,3809,314,3814,290,1,1,0,0,0
1768513476694,0,0,0,0,0,0,4,0,2,0,0,0,0,0,3809,314,3814,290,1,1,0,0,0
1768513476795,0,0,0,0,0,0,2,-2,6,4,0,0,0,0,3809,314,3814,290,1,1,0,0,0
1768513476898,0,0,0,0,0,0,4,-2,4,6,0,0,0,0,3809,314,3814,290,1,1,0,0,0
1768513476997,0,0,0,0,0,0,4,-2,2,6,0,0,0,0,3809,314,3814,290,1,1,0,0,0
1768513477098,0,0,0,0,0,0,4,0,0,-2,0,0,0,0,3809,314,3814,290,1,1,0,0,0
1768513477199,0,0,0,0,0,0,4,0,2,6,0,0,0,0,3809,314,3814,290,1,1,0,0,0
1768513477300,0,0,0,0,0,0,4,-2,14,2,0,0,0,0,3809,314,3814,290,1,1,0,0,0
1768513477405,0,0,0,0,0,0,4,-2,4,6,0,0,0,0,3809,314,3814,290,1,1,0,0,0
1768513477504,0,0,0,0,0,0,4,0,0,4,0,0,0,0,3809,314,3814,290,1,1,0,0,0
1768513477603,0,0,0,0,0,0,4,-2,2,6,0,0,0,0,3809,314,3814,290,1,1,0,0,0
1768513477704,0,0,0,0,0,0,4,0,2,4,0,0,0,0,3809,314,3814,290,1,1,0,0,0
1768513477806,0,0,0,0,0,0,4,-2,2,6,0,0,0,0,3809,314,3814,290,1,1,0,0,0
1768513477909,0,0,0,0,0,0,4,-2,0,4,0,0,0,0,3809,314,3814,290,1,1,0,0,0
1768513478009,0,0,0,0,0,0,4,-2,2,6,0,0,0,0,3809,314,3814,290,1,1,0,0,0
1768513478109,0,0,0,0,0,0,4,-2,2,6,0,0,0,0,3809,314,3814,292,1,1,0,0,0
1768513478212,0,0,0,0,0,0,4,0,0,6,0,0,0,0,3809,314,3814,290,1,1,0,0,0
1768513478311,0,0,0,0,0,0,4,-2,2,6,0,0,0,0,3809,314,3814,290,1,1,0,0,0
1768513478412,0,0,0,0,0,0,4,-2,2,4,0,0,0,0,3809,314,3814,290,1,1,0,0,0
1768513478521,0,0,0,0,0,0,4,-2,4,6,0,0,0,0,3811,314,3814,292,1,1,0,0,0
1768513478624,0,0,0,0,0,0,4,-2,2,6,0,0,0,0,3809,314,3814,290,1,1,0,0,0
1768513478721,0,0,0,0,0,0,4,0,2,4,0,0,0,0,3809,314,3814,292,1,1,0,0,0
1768513478818,0,0,0,0,0,0,6,-2,2,-2,0,0,0,0,3811,314,3814,292,1,1,0,0,0
1768513478921,0,0,0,0,0,0,4,-2,2,6,0,0,0,0,3811,314,3814,292,1,1,0,0,0
1768513479025,0,0,0,0,0,0,4,-2,6,-2,0,0,0,0,3811,314,3814,292,1,1,0,0,0
1768513479127,0,0,0,0,0,0,4,-2,2,4,0,0,0,0,3811,314,3814,292,1,1,0,0,0
1768513479222,0,0,0,0,0,0,6,0,2,4,0,0,0,0,3811,314,3814,292,1,1,0,0,0
1768513479322,0,0,0,0,0,0,4,-2,-2,4,0,0,0,0,3811,314,3816,292,1,1,0,0,0
1768513479426,0,0,0,0,0,0,4,0,2,4,0,0,0,0,3811,314,3816,292,1,1,0,0,0
1768513479526,0,0,0,0,0,0,4,0,2,6,0,0,0,0,3811,314,3814,292,1,1,0,0,0
1768513479624,0,0,0,0,0,0,4,-2,4,2,0,0,0,0,3811,314,3814,292,1,1,0,0,0
1768513479730,0,0,0,0,0,0,4,-2,2,6,0,0,0,0,3811,314,3814,292,1,1,0,0,0
1768513479826,0,0,0,0,0,0,4,0,2,4,0,0,0,0,3811,314,3816,292,1,1,0,0,0
1768513479928,0,0,0,0,0,0,4,-2,2,6,0,0,0,0,3811,314,3814,292,1,1,0,0,0
1768513480028,0,0,0,0,0,0,4,0,2,6,0,0,0,0,3811,314,3814,292,1,1,0,0,0
1768513480131,0,0,0,0,0,0,4,-2,-2,6,0,0,0,0,3811,314,3814,292,1,1,0,0,0
1768513480230,0,0,0,0,0,0,4,0,0,6,0,0,0,0,3811,314,3814,292,1,1,0,0,0
1768513480331,0,0,0,0,0,0,4,-2,8,-4,0,0,0,0,3811,314,3814,292,1,1,0,0,0
1768513480432,0,0,0,0,0,0,4,-2,2,6,0,0,0,0,3811,314,3814,292,1,1,0,0,0
1768513480536,0,0,0,0,0,0,4,-2,2,6,0,0,0,0,3811,314,3814,292,1,1,0,0,0
1768513480634,0,0,0,0,0,0,4,-2,12,-4,0,0,0,0,3811,314,3814,292,1,1,0,0,0
1768513480735,0,0,0,0,0,0,4,-2,2,6,0,0,0,0,3811,314,3816,292,1,1,0,0,0
1768513480837,0,0,0,0,0,0,4,-2,14,2,0,0,0,0,3811,314,3816,292,1,1,0,0,0
1768513480938,0,0,0,0,0,0,4,-2,4,-2,0,0,0,0,3811,314,3816,292,1,1,0,0,0